"Date_Time","Variable","Value","Site","Station","Flag","id"
"06/14/23 02:00:00 PM","DO_conc",9.96,"cb","poolDown","NA",1
"06/14/23 02:15:00 PM","DO_conc",9.95,"cb","poolDown","NA",2
"06/14/23 02:30:00 PM","DO_conc",9.9,"cb","poolDown","NA",3
"06/14/23 02:45:00 PM","DO_conc",9.9,"cb","poolDown","NA",4
"06/14/23 03:00:00 PM","DO_conc",9.86,"cb","poolDown","NA",5
"06/14/23 03:15:00 PM","DO_conc",9.84,"cb","poolDown","NA",6
"06/14/23 03:30:00 PM","DO_conc",9.83,"cb","poolDown","NA",7
"06/14/23 03:45:00 PM","DO_conc",9.79,"cb","poolDown","NA",8
"06/14/23 04:00:00 PM","DO_conc",9.76,"cb","poolDown","NA",9
"06/14/23 04:15:00 PM","DO_conc",9.72,"cb","poolDown","NA",10
"06/14/23 04:30:00 PM","DO_conc",9.68,"cb","poolDown","NA",11
"06/14/23 04:45:00 PM","DO_conc",9.59,"cb","poolDown","NA",12
"06/14/23 05:00:00 PM","DO_conc",9.56,"cb","poolDown","NA",13
"06/14/23 05:15:00 PM","DO_conc",9.48,"cb","poolDown","NA",14
"06/14/23 05:30:00 PM","DO_conc",9.43,"cb","poolDown","NA",15
"06/14/23 05:45:00 PM","DO_conc",9.36,"cb","poolDown","NA",16
"06/14/23 06:00:00 PM","DO_conc",9.24,"cb","poolDown","NA",17
"06/14/23 06:15:00 PM","DO_conc",9.09,"cb","poolDown","NA",18
"06/14/23 06:30:00 PM","DO_conc",8.95,"cb","poolDown","NA",19
"06/14/23 06:45:00 PM","DO_conc",8.79,"cb","poolDown","NA",20
"06/14/23 07:00:00 PM","DO_conc",8.64,"cb","poolDown","NA",21
"06/14/23 07:15:00 PM","DO_conc",8.51,"cb","poolDown","NA",22
"06/14/23 07:30:00 PM","DO_conc",8.38,"cb","poolDown","NA",23
"06/14/23 07:45:00 PM","DO_conc",8.26,"cb","poolDown","NA",24
"06/14/23 08:00:00 PM","DO_conc",8.17,"cb","poolDown","NA",25
"06/14/23 08:15:00 PM","DO_conc",8.06,"cb","poolDown","NA",26
"06/14/23 08:30:00 PM","DO_conc",7.97,"cb","poolDown","NA",27
"06/14/23 08:45:00 PM","DO_conc",7.88,"cb","poolDown","NA",28
"06/14/23 09:00:00 PM","DO_conc",7.8,"cb","poolDown","NA",29
"06/14/23 09:15:00 PM","DO_conc",7.74,"cb","poolDown","NA",30
"06/14/23 09:30:00 PM","DO_conc",7.68,"cb","poolDown","NA",31
"06/14/23 09:45:00 PM","DO_conc",7.62,"cb","poolDown","NA",32
"06/14/23 10:00:00 PM","DO_conc",7.6,"cb","poolDown","NA",33
"06/14/23 10:15:00 PM","DO_conc",7.56,"cb","poolDown","NA",34
"06/14/23 10:30:00 PM","DO_conc",7.53,"cb","poolDown","NA",35
"06/14/23 10:45:00 PM","DO_conc",7.5,"cb","poolDown","NA",36
"06/14/23 11:00:00 PM","DO_conc",7.47,"cb","poolDown","NA",37
"06/14/23 11:15:00 PM","DO_conc",7.47,"cb","poolDown","NA",38
"06/14/23 11:30:00 PM","DO_conc",7.46,"cb","poolDown","NA",39
"06/14/23 11:45:00 PM","DO_conc",7.46,"cb","poolDown","NA",40
"06/15/23 12:00:00 AM","DO_conc",7.45,"cb","poolDown","NA",41
"06/15/23 12:15:00 AM","DO_conc",7.44,"cb","poolDown","NA",42
"06/15/23 12:30:00 AM","DO_conc",7.45,"cb","poolDown","NA",43
"06/15/23 12:45:00 AM","DO_conc",7.45,"cb","poolDown","NA",44
"06/15/23 01:00:00 AM","DO_conc",7.44,"cb","poolDown","NA",45
"06/15/23 01:15:00 AM","DO_conc",7.46,"cb","poolDown","NA",46
"06/15/23 01:30:00 AM","DO_conc",7.45,"cb","poolDown","NA",47
"06/15/23 01:45:00 AM","DO_conc",7.47,"cb","poolDown","NA",48
"06/15/23 02:00:00 AM","DO_conc",7.47,"cb","poolDown","NA",49
"06/15/23 02:15:00 AM","DO_conc",7.47,"cb","poolDown","NA",50
"06/15/23 02:30:00 AM","DO_conc",7.48,"cb","poolDown","NA",51
"06/15/23 02:45:00 AM","DO_conc",7.46,"cb","poolDown","NA",52
"06/15/23 03:00:00 AM","DO_conc",7.47,"cb","poolDown","NA",53
"06/15/23 03:15:00 AM","DO_conc",7.46,"cb","poolDown","NA",54
"06/15/23 03:30:00 AM","DO_conc",7.46,"cb","poolDown","NA",55
"06/15/23 03:45:00 AM","DO_conc",7.48,"cb","poolDown","NA",56
"06/15/23 04:00:00 AM","DO_conc",7.48,"cb","poolDown","NA",57
"06/15/23 04:15:00 AM","DO_conc",7.48,"cb","poolDown","NA",58
"06/15/23 04:30:00 AM","DO_conc",7.47,"cb","poolDown","NA",59
"06/15/23 04:45:00 AM","DO_conc",7.49,"cb","poolDown","NA",60
"06/15/23 05:00:00 AM","DO_conc",7.49,"cb","poolDown","NA",61
"06/15/23 05:15:00 AM","DO_conc",7.49,"cb","poolDown","NA",62
"06/15/23 05:30:00 AM","DO_conc",7.5,"cb","poolDown","NA",63
"06/15/23 05:45:00 AM","DO_conc",7.5,"cb","poolDown","NA",64
"06/15/23 06:00:00 AM","DO_conc",7.52,"cb","poolDown","NA",65
"06/15/23 06:15:00 AM","DO_conc",7.53,"cb","poolDown","NA",66
"06/15/23 06:30:00 AM","DO_conc",7.52,"cb","poolDown","NA",67
"06/15/23 06:45:00 AM","DO_conc",7.54,"cb","poolDown","NA",68
"06/15/23 07:00:00 AM","DO_conc",7.57,"cb","poolDown","NA",69
"06/15/23 07:15:00 AM","DO_conc",7.6,"cb","poolDown","NA",70
"06/15/23 07:30:00 AM","DO_conc",7.62,"cb","poolDown","NA",71
"06/15/23 07:45:00 AM","DO_conc",7.66,"cb","poolDown","NA",72
"06/15/23 08:00:00 AM","DO_conc",7.71,"cb","poolDown","NA",73
"06/15/23 08:15:00 AM","DO_conc",7.79,"cb","poolDown","NA",74
"06/15/23 08:30:00 AM","DO_conc",7.85,"cb","poolDown","NA",75
"06/15/23 08:45:00 AM","DO_conc",7.94,"cb","poolDown","NA",76
"06/15/23 09:00:00 AM","DO_conc",8.07,"cb","poolDown","NA",77
"06/15/23 09:15:00 AM","DO_conc",8.19,"cb","poolDown","NA",78
"06/15/23 09:30:00 AM","DO_conc",8.25,"cb","poolDown","NA",79
"06/15/23 09:45:00 AM","DO_conc",8.36,"cb","poolDown","NA",80
"06/15/23 10:00:00 AM","DO_conc",8.5,"cb","poolDown","NA",81
"06/15/23 10:15:00 AM","DO_conc",8.6,"cb","poolDown","NA",82
"06/15/23 10:30:00 AM","DO_conc",8.74,"cb","poolDown","NA",83
"06/15/23 10:45:00 AM","DO_conc",8.95,"cb","poolDown","NA",84
"06/15/23 11:00:00 AM","DO_conc",9.12,"cb","poolDown","NA",85
"06/15/23 11:15:00 AM","DO_conc",9.23,"cb","poolDown","NA",86
"06/15/23 11:30:00 AM","DO_conc",9.31,"cb","poolDown","NA",87
"06/15/23 11:45:00 AM","DO_conc",9.39,"cb","poolDown","NA",88
"06/15/23 12:00:00 PM","DO_conc",9.59,"cb","poolDown","NA",89
"06/15/23 12:15:00 PM","DO_conc",9.72,"cb","poolDown","NA",90
"06/15/23 12:30:00 PM","DO_conc",9.8,"cb","poolDown","NA",91
"06/15/23 12:45:00 PM","DO_conc",9.9,"cb","poolDown","NA",92
"06/15/23 01:00:00 PM","DO_conc",10,"cb","poolDown","NA",93
"06/15/23 01:15:00 PM","DO_conc",10.06,"cb","poolDown","NA",94
"06/15/23 01:30:00 PM","DO_conc",10.11,"cb","poolDown","NA",95
"06/15/23 01:45:00 PM","DO_conc",10.13,"cb","poolDown","NA",96
"06/15/23 02:00:00 PM","DO_conc",10.17,"cb","poolDown","NA",97
"06/15/23 02:15:00 PM","DO_conc",10.18,"cb","poolDown","NA",98
"06/15/23 02:30:00 PM","DO_conc",10.15,"cb","poolDown","NA",99
"06/15/23 02:45:00 PM","DO_conc",10.17,"cb","poolDown","NA",100
"06/15/23 03:00:00 PM","DO_conc",10.14,"cb","poolDown","NA",101
"06/15/23 03:15:00 PM","DO_conc",10.05,"cb","poolDown","NA",102
"06/15/23 03:30:00 PM","DO_conc",9.96,"cb","poolDown","NA",103
"06/15/23 03:45:00 PM","DO_conc",9.84,"cb","poolDown","NA",104
"06/15/23 04:00:00 PM","DO_conc",9.76,"cb","poolDown","NA",105
"06/15/23 04:15:00 PM","DO_conc",9.68,"cb","poolDown","NA",106
"06/15/23 04:30:00 PM","DO_conc",9.59,"cb","poolDown","NA",107
"06/15/23 04:45:00 PM","DO_conc",9.5,"cb","poolDown","NA",108
"06/15/23 05:00:00 PM","DO_conc",9.32,"cb","poolDown","NA",109
"06/15/23 05:15:00 PM","DO_conc",9.23,"cb","poolDown","NA",110
"06/15/23 05:30:00 PM","DO_conc",9.09,"cb","poolDown","NA",111
"06/15/23 05:45:00 PM","DO_conc",9,"cb","poolDown","NA",112
"06/15/23 06:00:00 PM","DO_conc",8.85,"cb","poolDown","NA",113
"06/15/23 06:15:00 PM","DO_conc",8.7,"cb","poolDown","NA",114
"06/15/23 06:30:00 PM","DO_conc",8.58,"cb","poolDown","NA",115
"06/15/23 06:45:00 PM","DO_conc",8.53,"cb","poolDown","NA",116
"06/15/23 07:00:00 PM","DO_conc",8.46,"cb","poolDown","NA",117
"06/15/23 07:15:00 PM","DO_conc",8.34,"cb","poolDown","NA",118
"06/15/23 07:30:00 PM","DO_conc",8.22,"cb","poolDown","NA",119
"06/15/23 07:45:00 PM","DO_conc",8.12,"cb","poolDown","NA",120
"06/15/23 08:00:00 PM","DO_conc",8.01,"cb","poolDown","NA",121
"06/15/23 08:15:00 PM","DO_conc",7.94,"cb","poolDown","NA",122
"06/15/23 08:30:00 PM","DO_conc",7.85,"cb","poolDown","NA",123
"06/15/23 08:45:00 PM","DO_conc",7.75,"cb","poolDown","NA",124
"06/15/23 09:00:00 PM","DO_conc",7.67,"cb","poolDown","NA",125
"06/15/23 09:15:00 PM","DO_conc",7.59,"cb","poolDown","NA",126
"06/15/23 09:30:00 PM","DO_conc",7.54,"cb","poolDown","NA",127
"06/15/23 09:45:00 PM","DO_conc",7.47,"cb","poolDown","NA",128
"06/15/23 10:00:00 PM","DO_conc",7.43,"cb","poolDown","NA",129
"06/15/23 10:15:00 PM","DO_conc",7.38,"cb","poolDown","NA",130
"06/15/23 10:30:00 PM","DO_conc",7.36,"cb","poolDown","NA",131
"06/15/23 10:45:00 PM","DO_conc",7.34,"cb","poolDown","NA",132
"06/15/23 11:00:00 PM","DO_conc",7.32,"cb","poolDown","NA",133
"06/15/23 11:15:00 PM","DO_conc",7.32,"cb","poolDown","NA",134
"06/15/23 11:30:00 PM","DO_conc",7.31,"cb","poolDown","NA",135
"06/15/23 11:45:00 PM","DO_conc",7.31,"cb","poolDown","NA",136
"06/16/23 12:00:00 AM","DO_conc",7.31,"cb","poolDown","NA",137
"06/16/23 12:15:00 AM","DO_conc",7.32,"cb","poolDown","NA",138
"06/16/23 12:30:00 AM","DO_conc",7.32,"cb","poolDown","NA",139
"06/16/23 12:45:00 AM","DO_conc",7.33,"cb","poolDown","NA",140
"06/16/23 01:00:00 AM","DO_conc",7.34,"cb","poolDown","NA",141
"06/16/23 01:15:00 AM","DO_conc",7.34,"cb","poolDown","NA",142
"06/16/23 01:30:00 AM","DO_conc",7.35,"cb","poolDown","NA",143
"06/16/23 01:45:00 AM","DO_conc",7.35,"cb","poolDown","NA",144
"06/16/23 02:00:00 AM","DO_conc",7.36,"cb","poolDown","NA",145
"06/16/23 02:15:00 AM","DO_conc",7.38,"cb","poolDown","NA",146
"06/16/23 02:30:00 AM","DO_conc",7.39,"cb","poolDown","NA",147
"06/16/23 02:45:00 AM","DO_conc",7.39,"cb","poolDown","NA",148
"06/16/23 03:00:00 AM","DO_conc",7.4,"cb","poolDown","NA",149
"06/16/23 03:15:00 AM","DO_conc",7.4,"cb","poolDown","NA",150
"06/16/23 03:30:00 AM","DO_conc",7.39,"cb","poolDown","NA",151
"06/16/23 03:45:00 AM","DO_conc",7.39,"cb","poolDown","NA",152
"06/16/23 04:00:00 AM","DO_conc",7.4,"cb","poolDown","NA",153
"06/16/23 04:15:00 AM","DO_conc",7.41,"cb","poolDown","NA",154
"06/16/23 04:30:00 AM","DO_conc",7.4,"cb","poolDown","NA",155
"06/16/23 04:45:00 AM","DO_conc",7.41,"cb","poolDown","NA",156
"06/16/23 05:00:00 AM","DO_conc",7.41,"cb","poolDown","NA",157
"06/16/23 05:15:00 AM","DO_conc",7.41,"cb","poolDown","NA",158
"06/16/23 05:30:00 AM","DO_conc",7.42,"cb","poolDown","NA",159
"06/16/23 05:45:00 AM","DO_conc",7.41,"cb","poolDown","NA",160
"06/16/23 06:00:00 AM","DO_conc",7.43,"cb","poolDown","NA",161
"06/16/23 06:15:00 AM","DO_conc",7.42,"cb","poolDown","NA",162
"06/16/23 06:30:00 AM","DO_conc",7.43,"cb","poolDown","NA",163
"06/16/23 06:45:00 AM","DO_conc",7.44,"cb","poolDown","NA",164
"06/16/23 07:00:00 AM","DO_conc",7.47,"cb","poolDown","NA",165
"06/16/23 07:15:00 AM","DO_conc",7.49,"cb","poolDown","NA",166
"06/16/23 07:30:00 AM","DO_conc",7.53,"cb","poolDown","NA",167
"06/16/23 07:45:00 AM","DO_conc",7.55,"cb","poolDown","NA",168
"06/16/23 08:00:00 AM","DO_conc",7.6,"cb","poolDown","NA",169
"06/16/23 08:15:00 AM","DO_conc",7.67,"cb","poolDown","NA",170
"06/16/23 08:30:00 AM","DO_conc",7.74,"cb","poolDown","NA",171
"06/16/23 08:45:00 AM","DO_conc",7.86,"cb","poolDown","NA",172
"06/16/23 09:00:00 AM","DO_conc",8.01,"cb","poolDown","NA",173
"06/16/23 09:15:00 AM","DO_conc",8.17,"cb","poolDown","NA",174
"06/16/23 09:30:00 AM","DO_conc",8.27,"cb","poolDown","NA",175
"06/16/23 09:45:00 AM","DO_conc",8.35,"cb","poolDown","NA",176
"06/16/23 10:00:00 AM","DO_conc",8.47,"cb","poolDown","NA",177
"06/16/23 10:15:00 AM","DO_conc",8.58,"cb","poolDown","NA",178
"06/16/23 10:30:00 AM","DO_conc",8.73,"cb","poolDown","NA",179
"06/16/23 10:45:00 AM","DO_conc",8.88,"cb","poolDown","NA",180
"06/16/23 11:00:00 AM","DO_conc",9.02,"cb","poolDown","NA",181
"06/16/23 11:15:00 AM","DO_conc",9.17,"cb","poolDown","NA",182
"06/16/23 11:30:00 AM","DO_conc",9.26,"cb","poolDown","NA",183
"06/16/23 11:45:00 AM","DO_conc",9.39,"cb","poolDown","NA",184
"06/16/23 12:00:00 PM","DO_conc",9.48,"cb","poolDown","NA",185
"06/16/23 12:15:00 PM","DO_conc",9.58,"cb","poolDown","NA",186
"06/16/23 12:30:00 PM","DO_conc",9.68,"cb","poolDown","NA",187
"06/16/23 12:45:00 PM","DO_conc",9.77,"cb","poolDown","NA",188
"06/16/23 01:00:00 PM","DO_conc",9.84,"cb","poolDown","NA",189
"06/16/23 01:15:00 PM","DO_conc",9.85,"cb","poolDown","NA",190
"06/16/23 01:30:00 PM","DO_conc",9.9,"cb","poolDown","NA",191
"06/16/23 01:45:00 PM","DO_conc",9.93,"cb","poolDown","NA",192
"06/16/23 02:00:00 PM","DO_conc",9.97,"cb","poolDown","NA",193
"06/16/23 02:15:00 PM","DO_conc",10,"cb","poolDown","NA",194
"06/16/23 02:30:00 PM","DO_conc",9.99,"cb","poolDown","NA",195
"06/16/23 02:45:00 PM","DO_conc",9.97,"cb","poolDown","NA",196
"06/16/23 03:00:00 PM","DO_conc",9.97,"cb","poolDown","NA",197
"06/16/23 03:15:00 PM","DO_conc",9.9,"cb","poolDown","NA",198
"06/16/23 03:30:00 PM","DO_conc",9.88,"cb","poolDown","NA",199
"06/16/23 03:45:00 PM","DO_conc",9.83,"cb","poolDown","NA",200
"06/16/23 04:00:00 PM","DO_conc",9.69,"cb","poolDown","NA",201
"06/16/23 04:15:00 PM","DO_conc",9.56,"cb","poolDown","NA",202
"06/16/23 04:30:00 PM","DO_conc",9.41,"cb","poolDown","NA",203
"06/16/23 04:45:00 PM","DO_conc",9.3,"cb","poolDown","NA",204
"06/16/23 05:00:00 PM","DO_conc",9.21,"cb","poolDown","NA",205
"06/16/23 05:15:00 PM","DO_conc",8.96,"cb","poolDown","NA",206
"06/16/23 05:30:00 PM","DO_conc",8.81,"cb","poolDown","NA",207
"06/16/23 05:45:00 PM","DO_conc",8.67,"cb","poolDown","NA",208
"06/16/23 06:00:00 PM","DO_conc",8.62,"cb","poolDown","NA",209
"06/16/23 06:15:00 PM","DO_conc",8.55,"cb","poolDown","NA",210
"06/16/23 06:30:00 PM","DO_conc",8.4,"cb","poolDown","NA",211
"06/16/23 06:45:00 PM","DO_conc",8.25,"cb","poolDown","NA",212
"06/16/23 07:00:00 PM","DO_conc",8.12,"cb","poolDown","NA",213
"06/16/23 07:15:00 PM","DO_conc",8.01,"cb","poolDown","NA",214
"06/16/23 07:30:00 PM","DO_conc",7.93,"cb","poolDown","NA",215
"06/16/23 07:45:00 PM","DO_conc",7.83,"cb","poolDown","NA",216
"06/16/23 08:00:00 PM","DO_conc",7.73,"cb","poolDown","NA",217
"06/16/23 08:15:00 PM","DO_conc",7.63,"cb","poolDown","NA",218
"06/16/23 08:30:00 PM","DO_conc",7.55,"cb","poolDown","NA",219
"06/16/23 08:45:00 PM","DO_conc",7.46,"cb","poolDown","NA",220
"06/16/23 09:00:00 PM","DO_conc",7.38,"cb","poolDown","NA",221
"06/16/23 09:15:00 PM","DO_conc",7.3,"cb","poolDown","NA",222
"06/16/23 09:30:00 PM","DO_conc",7.23,"cb","poolDown","NA",223
"06/16/23 09:45:00 PM","DO_conc",7.18,"cb","poolDown","NA",224
"06/16/23 10:00:00 PM","DO_conc",7.15,"cb","poolDown","NA",225
"06/16/23 10:15:00 PM","DO_conc",7.09,"cb","poolDown","NA",226
"06/16/23 10:30:00 PM","DO_conc",7.06,"cb","poolDown","NA",227
"06/16/23 10:45:00 PM","DO_conc",7.02,"cb","poolDown","NA",228
"06/16/23 11:00:00 PM","DO_conc",6.99,"cb","poolDown","NA",229
"06/16/23 11:15:00 PM","DO_conc",6.99,"cb","poolDown","NA",230
"06/16/23 11:30:00 PM","DO_conc",6.98,"cb","poolDown","NA",231
"06/16/23 11:45:00 PM","DO_conc",6.99,"cb","poolDown","NA",232
"06/17/23 12:00:00 AM","DO_conc",7,"cb","poolDown","NA",233
"06/17/23 12:15:00 AM","DO_conc",7.01,"cb","poolDown","NA",234
"06/17/23 12:30:00 AM","DO_conc",7.01,"cb","poolDown","NA",235
"06/17/23 12:45:00 AM","DO_conc",7.03,"cb","poolDown","NA",236
"06/17/23 01:00:00 AM","DO_conc",7.03,"cb","poolDown","NA",237
"06/17/23 01:15:00 AM","DO_conc",7.04,"cb","poolDown","NA",238
"06/17/23 01:30:00 AM","DO_conc",7.06,"cb","poolDown","NA",239
"06/17/23 01:45:00 AM","DO_conc",7.08,"cb","poolDown","NA",240
"06/17/23 02:00:00 AM","DO_conc",7.12,"cb","poolDown","NA",241
"06/17/23 02:15:00 AM","DO_conc",7.15,"cb","poolDown","NA",242
"06/17/23 02:30:00 AM","DO_conc",7.16,"cb","poolDown","NA",243
"06/17/23 02:45:00 AM","DO_conc",7.18,"cb","poolDown","NA",244
"06/17/23 03:00:00 AM","DO_conc",7.19,"cb","poolDown","NA",245
"06/17/23 03:15:00 AM","DO_conc",7.22,"cb","poolDown","NA",246
"06/17/23 03:30:00 AM","DO_conc",7.21,"cb","poolDown","NA",247
"06/17/23 03:45:00 AM","DO_conc",7.23,"cb","poolDown","NA",248
"06/17/23 04:00:00 AM","DO_conc",7.28,"cb","poolDown","NA",249
"06/17/23 04:15:00 AM","DO_conc",7.28,"cb","poolDown","NA",250
"06/17/23 04:30:00 AM","DO_conc",7.29,"cb","poolDown","NA",251
"06/17/23 04:45:00 AM","DO_conc",7.3,"cb","poolDown","NA",252
"06/17/23 05:00:00 AM","DO_conc",7.31,"cb","poolDown","NA",253
"06/17/23 05:15:00 AM","DO_conc",7.34,"cb","poolDown","NA",254
"06/17/23 05:30:00 AM","DO_conc",7.36,"cb","poolDown","NA",255
"06/17/23 05:45:00 AM","DO_conc",7.36,"cb","poolDown","NA",256
"06/17/23 06:00:00 AM","DO_conc",7.38,"cb","poolDown","NA",257
"06/17/23 06:15:00 AM","DO_conc",7.39,"cb","poolDown","NA",258
"06/17/23 06:30:00 AM","DO_conc",7.41,"cb","poolDown","NA",259
"06/17/23 06:45:00 AM","DO_conc",7.42,"cb","poolDown","NA",260
"06/17/23 07:00:00 AM","DO_conc",7.44,"cb","poolDown","NA",261
"06/17/23 07:15:00 AM","DO_conc",7.49,"cb","poolDown","NA",262
"06/17/23 07:30:00 AM","DO_conc",7.5,"cb","poolDown","NA",263
"06/17/23 07:45:00 AM","DO_conc",7.56,"cb","poolDown","NA",264
"06/17/23 08:00:00 AM","DO_conc",7.61,"cb","poolDown","NA",265
"06/17/23 08:15:00 AM","DO_conc",7.68,"cb","poolDown","NA",266
"06/17/23 08:30:00 AM","DO_conc",7.76,"cb","poolDown","NA",267
"06/17/23 08:45:00 AM","DO_conc",7.88,"cb","poolDown","NA",268
"06/17/23 09:00:00 AM","DO_conc",8.08,"cb","poolDown","NA",269
"06/17/23 09:15:00 AM","DO_conc",8.23,"cb","poolDown","NA",270
"06/17/23 09:30:00 AM","DO_conc",8.35,"cb","poolDown","NA",271
"06/17/23 09:45:00 AM","DO_conc",8.48,"cb","poolDown","NA",272
"06/17/23 10:00:00 AM","DO_conc",8.62,"cb","poolDown","NA",273
"06/17/23 10:15:00 AM","DO_conc",8.71,"cb","poolDown","NA",274
"06/17/23 10:30:00 AM","DO_conc",8.83,"cb","poolDown","NA",275
"06/17/23 10:45:00 AM","DO_conc",9,"cb","poolDown","NA",276
"06/17/23 11:00:00 AM","DO_conc",9.11,"cb","poolDown","NA",277
"06/17/23 11:15:00 AM","DO_conc",9.2,"cb","poolDown","NA",278
"06/17/23 11:30:00 AM","DO_conc",9.29,"cb","poolDown","NA",279
"06/17/23 11:45:00 AM","DO_conc",9.33,"cb","poolDown","NA",280
"06/17/23 12:00:00 PM","DO_conc",9.38,"cb","poolDown","NA",281
"06/17/23 12:15:00 PM","DO_conc",9.44,"cb","poolDown","NA",282
"06/17/23 12:30:00 PM","DO_conc",9.49,"cb","poolDown","NA",283
"06/17/23 12:45:00 PM","DO_conc",9.51,"cb","poolDown","NA",284
"06/17/23 01:00:00 PM","DO_conc",9.52,"cb","poolDown","NA",285
"06/17/23 01:15:00 PM","DO_conc",9.57,"cb","poolDown","NA",286
"06/17/23 01:30:00 PM","DO_conc",9.58,"cb","poolDown","NA",287
"06/17/23 01:45:00 PM","DO_conc",9.6,"cb","poolDown","NA",288
"06/17/23 02:00:00 PM","DO_conc",9.59,"cb","poolDown","NA",289
"06/17/23 02:15:00 PM","DO_conc",9.63,"cb","poolDown","NA",290
"06/17/23 02:30:00 PM","DO_conc",9.64,"cb","poolDown","NA",291
"06/17/23 02:45:00 PM","DO_conc",9.61,"cb","poolDown","NA",292
"06/17/23 03:00:00 PM","DO_conc",9.6,"cb","poolDown","NA",293
"06/17/23 03:15:00 PM","DO_conc",9.58,"cb","poolDown","NA",294
"06/17/23 03:30:00 PM","DO_conc",9.56,"cb","poolDown","NA",295
"06/17/23 03:45:00 PM","DO_conc",9.53,"cb","poolDown","NA",296
"06/17/23 04:00:00 PM","DO_conc",9.5,"cb","poolDown","NA",297
"06/17/23 04:15:00 PM","DO_conc",9.48,"cb","poolDown","NA",298
"06/17/23 04:30:00 PM","DO_conc",9.42,"cb","poolDown","NA",299
"06/17/23 04:45:00 PM","DO_conc",9.36,"cb","poolDown","NA",300
"06/17/23 05:00:00 PM","DO_conc",9.32,"cb","poolDown","NA",301
"06/17/23 05:15:00 PM","DO_conc",9.28,"cb","poolDown","NA",302
"06/17/23 05:30:00 PM","DO_conc",9.22,"cb","poolDown","NA",303
"06/17/23 05:45:00 PM","DO_conc",9.15,"cb","poolDown","NA",304
"06/17/23 06:00:00 PM","DO_conc",9.04,"cb","poolDown","NA",305
"06/17/23 06:15:00 PM","DO_conc",8.91,"cb","poolDown","NA",306
"06/17/23 06:30:00 PM","DO_conc",8.76,"cb","poolDown","NA",307
"06/17/23 06:45:00 PM","DO_conc",8.62,"cb","poolDown","NA",308
"06/17/23 07:00:00 PM","DO_conc",8.49,"cb","poolDown","NA",309
"06/17/23 07:15:00 PM","DO_conc",8.37,"cb","poolDown","NA",310
"06/17/23 07:30:00 PM","DO_conc",8.26,"cb","poolDown","NA",311
"06/17/23 07:45:00 PM","DO_conc",8.15,"cb","poolDown","NA",312
"06/17/23 08:00:00 PM","DO_conc",8.06,"cb","poolDown","NA",313
"06/17/23 08:15:00 PM","DO_conc",7.96,"cb","poolDown","NA",314
"06/17/23 08:30:00 PM","DO_conc",7.88,"cb","poolDown","NA",315
"06/17/23 08:45:00 PM","DO_conc",7.81,"cb","poolDown","NA",316
"06/17/23 09:00:00 PM","DO_conc",7.74,"cb","poolDown","NA",317
"06/17/23 09:15:00 PM","DO_conc",7.68,"cb","poolDown","NA",318
"06/17/23 09:30:00 PM","DO_conc",7.63,"cb","poolDown","NA",319
"06/17/23 09:45:00 PM","DO_conc",7.6,"cb","poolDown","NA",320
"06/17/23 10:00:00 PM","DO_conc",7.58,"cb","poolDown","NA",321
"06/17/23 10:15:00 PM","DO_conc",7.55,"cb","poolDown","NA",322
"06/17/23 10:30:00 PM","DO_conc",7.54,"cb","poolDown","NA",323
"06/17/23 10:45:00 PM","DO_conc",7.53,"cb","poolDown","NA",324
"06/17/23 11:00:00 PM","DO_conc",7.52,"cb","poolDown","NA",325
"06/17/23 11:15:00 PM","DO_conc",7.52,"cb","poolDown","NA",326
"06/17/23 11:30:00 PM","DO_conc",7.52,"cb","poolDown","NA",327
"06/17/23 11:45:00 PM","DO_conc",7.5,"cb","poolDown","NA",328
"06/18/23 12:00:00 AM","DO_conc",7.5,"cb","poolDown","NA",329
"06/18/23 12:15:00 AM","DO_conc",7.52,"cb","poolDown","NA",330
"06/18/23 12:30:00 AM","DO_conc",7.53,"cb","poolDown","NA",331
"06/18/23 12:45:00 AM","DO_conc",7.52,"cb","poolDown","NA",332
"06/18/23 01:00:00 AM","DO_conc",7.52,"cb","poolDown","NA",333
"06/18/23 01:15:00 AM","DO_conc",7.53,"cb","poolDown","NA",334
"06/18/23 01:30:00 AM","DO_conc",7.54,"cb","poolDown","NA",335
"06/18/23 01:45:00 AM","DO_conc",7.54,"cb","poolDown","NA",336
"06/18/23 02:00:00 AM","DO_conc",7.55,"cb","poolDown","NA",337
"06/18/23 02:15:00 AM","DO_conc",7.54,"cb","poolDown","NA",338
"06/18/23 02:30:00 AM","DO_conc",7.55,"cb","poolDown","NA",339
"06/18/23 02:45:00 AM","DO_conc",7.55,"cb","poolDown","NA",340
"06/18/23 03:00:00 AM","DO_conc",7.55,"cb","poolDown","NA",341
"06/18/23 03:15:00 AM","DO_conc",7.57,"cb","poolDown","NA",342
"06/18/23 03:30:00 AM","DO_conc",7.57,"cb","poolDown","NA",343
"06/18/23 03:45:00 AM","DO_conc",7.57,"cb","poolDown","NA",344
"06/18/23 04:00:00 AM","DO_conc",7.57,"cb","poolDown","NA",345
"06/18/23 04:15:00 AM","DO_conc",7.58,"cb","poolDown","NA",346
"06/18/23 04:30:00 AM","DO_conc",7.58,"cb","poolDown","NA",347
"06/18/23 04:45:00 AM","DO_conc",7.58,"cb","poolDown","NA",348
"06/18/23 05:00:00 AM","DO_conc",7.6,"cb","poolDown","NA",349
"06/18/23 05:15:00 AM","DO_conc",7.59,"cb","poolDown","NA",350
"06/18/23 05:30:00 AM","DO_conc",7.6,"cb","poolDown","NA",351
"06/18/23 05:45:00 AM","DO_conc",7.61,"cb","poolDown","NA",352
"06/18/23 06:00:00 AM","DO_conc",7.61,"cb","poolDown","NA",353
"06/18/23 06:15:00 AM","DO_conc",7.61,"cb","poolDown","NA",354
"06/18/23 06:30:00 AM","DO_conc",7.62,"cb","poolDown","NA",355
"06/18/23 06:45:00 AM","DO_conc",7.65,"cb","poolDown","NA",356
"06/18/23 07:00:00 AM","DO_conc",7.67,"cb","poolDown","NA",357
"06/18/23 07:15:00 AM","DO_conc",7.7,"cb","poolDown","NA",358
"06/18/23 07:30:00 AM","DO_conc",7.73,"cb","poolDown","NA",359
"06/18/23 07:45:00 AM","DO_conc",7.77,"cb","poolDown","NA",360
"06/18/23 08:00:00 AM","DO_conc",7.84,"cb","poolDown","NA",361
"06/18/23 08:15:00 AM","DO_conc",7.88,"cb","poolDown","NA",362
"06/18/23 08:30:00 AM","DO_conc",7.93,"cb","poolDown","NA",363
"06/18/23 08:45:00 AM","DO_conc",7.99,"cb","poolDown","NA",364
"06/18/23 09:00:00 AM","DO_conc",8.2,"cb","poolDown","NA",365
"06/18/23 09:15:00 AM","DO_conc",8.36,"cb","poolDown","NA",366
"06/18/23 09:30:00 AM","DO_conc",8.46,"cb","poolDown","NA",367
"06/18/23 09:45:00 AM","DO_conc",8.56,"cb","poolDown","NA",368
"06/18/23 10:00:00 AM","DO_conc",8.67,"cb","poolDown","NA",369
"06/18/23 10:15:00 AM","DO_conc",8.77,"cb","poolDown","NA",370
"06/18/23 10:30:00 AM","DO_conc",8.93,"cb","poolDown","NA",371
"06/18/23 10:45:00 AM","DO_conc",9.06,"cb","poolDown","NA",372
"06/18/23 11:00:00 AM","DO_conc",9.2,"cb","poolDown","NA",373
"06/18/23 11:15:00 AM","DO_conc",9.34,"cb","poolDown","NA",374
"06/18/23 11:30:00 AM","DO_conc",9.48,"cb","poolDown","NA",375
"06/18/23 11:45:00 AM","DO_conc",9.61,"cb","poolDown","NA",376
"06/18/23 12:00:00 PM","DO_conc",9.72,"cb","poolDown","NA",377
"06/18/23 12:15:00 PM","DO_conc",9.78,"cb","poolDown","NA",378
"06/18/23 12:30:00 PM","DO_conc",9.88,"cb","poolDown","NA",379
"06/18/23 12:45:00 PM","DO_conc",9.95,"cb","poolDown","NA",380
"06/18/23 01:00:00 PM","DO_conc",10.01,"cb","poolDown","NA",381
"06/18/23 01:15:00 PM","DO_conc",10.05,"cb","poolDown","NA",382
"06/18/23 01:30:00 PM","DO_conc",10.07,"cb","poolDown","NA",383
"06/18/23 01:45:00 PM","DO_conc",10.12,"cb","poolDown","NA",384
"06/18/23 02:00:00 PM","DO_conc",10.12,"cb","poolDown","NA",385
"06/18/23 02:15:00 PM","DO_conc",10.13,"cb","poolDown","NA",386
"06/18/23 02:30:00 PM","DO_conc",10.14,"cb","poolDown","NA",387
"06/18/23 02:45:00 PM","DO_conc",10.12,"cb","poolDown","NA",388
"06/18/23 03:00:00 PM","DO_conc",10.06,"cb","poolDown","NA",389
"06/18/23 03:15:00 PM","DO_conc",10.03,"cb","poolDown","NA",390
"06/18/23 03:30:00 PM","DO_conc",9.98,"cb","poolDown","NA",391
"06/18/23 03:45:00 PM","DO_conc",9.92,"cb","poolDown","NA",392
"06/18/23 04:00:00 PM","DO_conc",9.88,"cb","poolDown","NA",393
"06/18/23 04:15:00 PM","DO_conc",9.82,"cb","poolDown","NA",394
"06/18/23 04:30:00 PM","DO_conc",9.75,"cb","poolDown","NA",395
"06/18/23 04:45:00 PM","DO_conc",9.69,"cb","poolDown","NA",396
"06/18/23 05:00:00 PM","DO_conc",9.59,"cb","poolDown","NA",397
"06/18/23 05:15:00 PM","DO_conc",9.5,"cb","poolDown","NA",398
"06/18/23 05:30:00 PM","DO_conc",9.44,"cb","poolDown","NA",399
"06/18/23 05:45:00 PM","DO_conc",9.35,"cb","poolDown","NA",400
"06/18/23 06:00:00 PM","DO_conc",9.26,"cb","poolDown","NA",401
"06/18/23 06:15:00 PM","DO_conc",9.12,"cb","poolDown","NA",402
"06/18/23 06:30:00 PM","DO_conc",8.98,"cb","poolDown","NA",403
"06/18/23 06:45:00 PM","DO_conc",8.83,"cb","poolDown","NA",404
"06/18/23 07:00:00 PM","DO_conc",8.66,"cb","poolDown","NA",405
"06/18/23 07:15:00 PM","DO_conc",8.51,"cb","poolDown","NA",406
"06/18/23 07:30:00 PM","DO_conc",8.36,"cb","poolDown","NA",407
"06/18/23 07:45:00 PM","DO_conc",8.21,"cb","poolDown","NA",408
"06/18/23 08:00:00 PM","DO_conc",8.07,"cb","poolDown","NA",409
"06/18/23 08:15:00 PM","DO_conc",7.93,"cb","poolDown","NA",410
"06/18/23 08:30:00 PM","DO_conc",7.81,"cb","poolDown","NA",411
"06/18/23 08:45:00 PM","DO_conc",7.7,"cb","poolDown","NA",412
"06/18/23 09:00:00 PM","DO_conc",7.57,"cb","poolDown","NA",413
"06/18/23 09:15:00 PM","DO_conc",7.47,"cb","poolDown","NA",414
"06/18/23 09:30:00 PM","DO_conc",7.39,"cb","poolDown","NA",415
"06/18/23 09:45:00 PM","DO_conc",7.33,"cb","poolDown","NA",416
"06/18/23 10:00:00 PM","DO_conc",7.27,"cb","poolDown","NA",417
"06/18/23 10:15:00 PM","DO_conc",7.22,"cb","poolDown","NA",418
"06/18/23 10:30:00 PM","DO_conc",7.18,"cb","poolDown","NA",419
"06/18/23 10:45:00 PM","DO_conc",7.16,"cb","poolDown","NA",420
"06/18/23 11:00:00 PM","DO_conc",7.15,"cb","poolDown","NA",421
"06/18/23 11:15:00 PM","DO_conc",7.12,"cb","poolDown","NA",422
"06/18/23 11:30:00 PM","DO_conc",7.11,"cb","poolDown","NA",423
"06/18/23 11:45:00 PM","DO_conc",7.09,"cb","poolDown","NA",424
"06/19/23 12:00:00 AM","DO_conc",7.12,"cb","poolDown","NA",425
"06/19/23 12:15:00 AM","DO_conc",7.11,"cb","poolDown","NA",426
"06/19/23 12:30:00 AM","DO_conc",7.12,"cb","poolDown","NA",427
"06/19/23 12:45:00 AM","DO_conc",7.13,"cb","poolDown","NA",428
"06/19/23 01:00:00 AM","DO_conc",7.14,"cb","poolDown","NA",429
"06/19/23 01:15:00 AM","DO_conc",7.14,"cb","poolDown","NA",430
"06/19/23 01:30:00 AM","DO_conc",7.15,"cb","poolDown","NA",431
"06/19/23 01:45:00 AM","DO_conc",7.16,"cb","poolDown","NA",432
"06/19/23 02:00:00 AM","DO_conc",7.18,"cb","poolDown","NA",433
"06/19/23 02:15:00 AM","DO_conc",7.18,"cb","poolDown","NA",434
"06/19/23 02:30:00 AM","DO_conc",7.17,"cb","poolDown","NA",435
"06/19/23 02:45:00 AM","DO_conc",7.19,"cb","poolDown","NA",436
"06/19/23 03:00:00 AM","DO_conc",7.21,"cb","poolDown","NA",437
"06/19/23 03:15:00 AM","DO_conc",7.19,"cb","poolDown","NA",438
"06/19/23 03:30:00 AM","DO_conc",7.21,"cb","poolDown","NA",439
"06/19/23 03:45:00 AM","DO_conc",7.21,"cb","poolDown","NA",440
"06/19/23 04:00:00 AM","DO_conc",7.28,"cb","poolDown","NA",441
"06/19/23 04:15:00 AM","DO_conc",7.31,"cb","poolDown","NA",442
"06/19/23 04:30:00 AM","DO_conc",7.31,"cb","poolDown","NA",443
"06/19/23 04:45:00 AM","DO_conc",7.3,"cb","poolDown","NA",444
"06/19/23 05:00:00 AM","DO_conc",7.29,"cb","poolDown","NA",445
"06/19/23 05:15:00 AM","DO_conc",7.32,"cb","poolDown","NA",446
"06/19/23 05:30:00 AM","DO_conc",7.31,"cb","poolDown","NA",447
"06/19/23 05:45:00 AM","DO_conc",7.33,"cb","poolDown","NA",448
"06/19/23 06:00:00 AM","DO_conc",7.32,"cb","poolDown","NA",449
"06/19/23 06:15:00 AM","DO_conc",7.32,"cb","poolDown","NA",450
"06/19/23 06:30:00 AM","DO_conc",7.33,"cb","poolDown","NA",451
"06/19/23 06:45:00 AM","DO_conc",7.33,"cb","poolDown","NA",452
"06/19/23 07:00:00 AM","DO_conc",7.34,"cb","poolDown","NA",453
"06/19/23 07:15:00 AM","DO_conc",7.36,"cb","poolDown","NA",454
"06/19/23 07:30:00 AM","DO_conc",7.39,"cb","poolDown","NA",455
"06/19/23 07:45:00 AM","DO_conc",7.44,"cb","poolDown","NA",456
"06/19/23 08:00:00 AM","DO_conc",7.49,"cb","poolDown","NA",457
"06/19/23 08:15:00 AM","DO_conc",7.57,"cb","poolDown","NA",458
"06/19/23 08:30:00 AM","DO_conc",7.66,"cb","poolDown","NA",459
"06/19/23 08:45:00 AM","DO_conc",7.76,"cb","poolDown","NA",460
"06/19/23 09:00:00 AM","DO_conc",7.87,"cb","poolDown","NA",461
"06/19/23 09:15:00 AM","DO_conc",7.98,"cb","poolDown","NA",462
"06/19/23 09:30:00 AM","DO_conc",8.11,"cb","poolDown","NA",463
"06/19/23 09:45:00 AM","DO_conc",8.23,"cb","poolDown","NA",464
"06/19/23 10:00:00 AM","DO_conc",8.3,"cb","poolDown","NA",465
"06/19/23 10:15:00 AM","DO_conc",8.47,"cb","poolDown","NA",466
"06/19/23 10:30:00 AM","DO_conc",8.62,"cb","poolDown","NA",467
"06/19/23 10:45:00 AM","DO_conc",8.76,"cb","poolDown","NA",468
"06/19/23 11:00:00 AM","DO_conc",8.92,"cb","poolDown","NA",469
"06/19/23 11:15:00 AM","DO_conc",9.12,"cb","poolDown","NA",470
"06/19/23 11:30:00 AM","DO_conc",9.25,"cb","poolDown","NA",471
"06/19/23 11:45:00 AM","DO_conc",9.38,"cb","poolDown","NA",472
"06/19/23 12:00:00 PM","DO_conc",9.56,"cb","poolDown","NA",473
"06/19/23 12:15:00 PM","DO_conc",9.56,"cb","poolDown","NA",474
"06/19/23 12:30:00 PM","DO_conc",9.61,"cb","poolDown","NA",475
"06/19/23 12:45:00 PM","DO_conc",9.65,"cb","poolDown","NA",476
"06/19/23 01:00:00 PM","DO_conc",9.71,"cb","poolDown","NA",477
"06/19/23 01:15:00 PM","DO_conc",9.77,"cb","poolDown","NA",478
"06/19/23 01:30:00 PM","DO_conc",9.77,"cb","poolDown","NA",479
"06/19/23 01:45:00 PM","DO_conc",9.91,"cb","poolDown","NA",480
"06/19/23 02:00:00 PM","DO_conc",9.9,"cb","poolDown","NA",481
"06/19/23 02:15:00 PM","DO_conc",9.97,"cb","poolDown","NA",482
"06/19/23 02:30:00 PM","DO_conc",9.97,"cb","poolDown","NA",483
"06/19/23 02:45:00 PM","DO_conc",9.89,"cb","poolDown","NA",484
"06/19/23 03:00:00 PM","DO_conc",9.79,"cb","poolDown","NA",485
"06/19/23 03:15:00 PM","DO_conc",9.76,"cb","poolDown","NA",486
"06/19/23 03:30:00 PM","DO_conc",9.59,"cb","poolDown","NA",487
"06/19/23 03:45:00 PM","DO_conc",9.46,"cb","poolDown","NA",488
"06/19/23 04:00:00 PM","DO_conc",9.23,"cb","poolDown","NA",489
"06/19/23 04:15:00 PM","DO_conc",9.09,"cb","poolDown","NA",490
"06/19/23 04:30:00 PM","DO_conc",8.92,"cb","poolDown","NA",491
"06/19/23 04:45:00 PM","DO_conc",8.74,"cb","poolDown","NA",492
"06/19/23 05:00:00 PM","DO_conc",8.47,"cb","poolDown","NA",493
"06/19/23 05:15:00 PM","DO_conc",8.31,"cb","poolDown","NA",494
"06/19/23 05:30:00 PM","DO_conc",8.14,"cb","poolDown","NA",495
"06/19/23 05:45:00 PM","DO_conc",7.99,"cb","poolDown","NA",496
"06/19/23 06:00:00 PM","DO_conc",7.81,"cb","poolDown","NA",497
"06/19/23 06:15:00 PM","DO_conc",7.8,"cb","poolDown","NA",498
"06/19/23 06:30:00 PM","DO_conc",7.69,"cb","poolDown","NA",499
"06/19/23 06:45:00 PM","DO_conc",7.68,"cb","poolDown","NA",500
"06/19/23 07:00:00 PM","DO_conc",7.63,"cb","poolDown","NA",501
"06/19/23 07:15:00 PM","DO_conc",7.62,"cb","poolDown","NA",502
"06/19/23 07:30:00 PM","DO_conc",7.58,"cb","poolDown","NA",503
"06/19/23 07:45:00 PM","DO_conc",7.52,"cb","poolDown","NA",504
"06/19/23 08:00:00 PM","DO_conc",7.45,"cb","poolDown","NA",505
"06/19/23 08:15:00 PM","DO_conc",7.53,"cb","poolDown","NA",506
"06/19/23 08:30:00 PM","DO_conc",7.54,"cb","poolDown","NA",507
"06/19/23 08:45:00 PM","DO_conc",7.53,"cb","poolDown","NA",508
"06/19/23 09:00:00 PM","DO_conc",7.5,"cb","poolDown","NA",509
"06/19/23 09:15:00 PM","DO_conc",7.49,"cb","poolDown","NA",510
"06/19/23 09:30:00 PM","DO_conc",7.49,"cb","poolDown","NA",511
"06/19/23 09:45:00 PM","DO_conc",7.48,"cb","poolDown","NA",512
"06/19/23 10:00:00 PM","DO_conc",7.48,"cb","poolDown","NA",513
"06/19/23 10:15:00 PM","DO_conc",7.46,"cb","poolDown","NA",514
"06/19/23 10:30:00 PM","DO_conc",7.46,"cb","poolDown","NA",515
"06/19/23 10:45:00 PM","DO_conc",7.46,"cb","poolDown","NA",516
"06/19/23 11:00:00 PM","DO_conc",7.45,"cb","poolDown","NA",517
"06/19/23 11:15:00 PM","DO_conc",7.45,"cb","poolDown","NA",518
"06/19/23 11:30:00 PM","DO_conc",7.44,"cb","poolDown","NA",519
"06/19/23 11:45:00 PM","DO_conc",7.43,"cb","poolDown","NA",520
"06/20/23 12:00:00 AM","DO_conc",7.44,"cb","poolDown","NA",521
"06/20/23 12:15:00 AM","DO_conc",7.44,"cb","poolDown","NA",522
"06/20/23 12:30:00 AM","DO_conc",7.43,"cb","poolDown","NA",523
"06/20/23 12:45:00 AM","DO_conc",7.45,"cb","poolDown","NA",524
"06/20/23 01:00:00 AM","DO_conc",7.43,"cb","poolDown","NA",525
"06/20/23 01:15:00 AM","DO_conc",7.45,"cb","poolDown","NA",526
"06/20/23 01:30:00 AM","DO_conc",7.45,"cb","poolDown","NA",527
"06/20/23 01:45:00 AM","DO_conc",7.45,"cb","poolDown","NA",528
"06/20/23 02:00:00 AM","DO_conc",7.44,"cb","poolDown","NA",529
"06/20/23 02:15:00 AM","DO_conc",7.45,"cb","poolDown","NA",530
"06/20/23 02:30:00 AM","DO_conc",7.44,"cb","poolDown","NA",531
"06/20/23 02:45:00 AM","DO_conc",7.45,"cb","poolDown","NA",532
"06/20/23 03:00:00 AM","DO_conc",7.45,"cb","poolDown","NA",533
"06/20/23 03:15:00 AM","DO_conc",7.45,"cb","poolDown","NA",534
"06/20/23 03:30:00 AM","DO_conc",7.49,"cb","poolDown","NA",535
"06/20/23 03:45:00 AM","DO_conc",7.54,"cb","poolDown","NA",536
"06/20/23 04:00:00 AM","DO_conc",7.6,"cb","poolDown","NA",537
"06/20/23 04:15:00 AM","DO_conc",7.63,"cb","poolDown","NA",538
"06/20/23 04:30:00 AM","DO_conc",7.65,"cb","poolDown","NA",539
"06/20/23 04:45:00 AM","DO_conc",7.65,"cb","poolDown","NA",540
"06/20/23 05:00:00 AM","DO_conc",7.62,"cb","poolDown","NA",541
"06/20/23 05:15:00 AM","DO_conc",7.65,"cb","poolDown","NA",542
"06/20/23 05:30:00 AM","DO_conc",7.63,"cb","poolDown","NA",543
"06/20/23 05:45:00 AM","DO_conc",7.63,"cb","poolDown","NA",544
"06/20/23 06:00:00 AM","DO_conc",7.63,"cb","poolDown","NA",545
"06/20/23 06:15:00 AM","DO_conc",7.66,"cb","poolDown","NA",546
"06/20/23 06:30:00 AM","DO_conc",7.68,"cb","poolDown","NA",547
"06/20/23 06:45:00 AM","DO_conc",7.71,"cb","poolDown","NA",548
"06/20/23 07:00:00 AM","DO_conc",7.75,"cb","poolDown","NA",549
"06/20/23 07:15:00 AM","DO_conc",7.83,"cb","poolDown","NA",550
"06/20/23 07:30:00 AM","DO_conc",7.9,"cb","poolDown","NA",551
"06/20/23 07:45:00 AM","DO_conc",7.98,"cb","poolDown","NA",552
"06/20/23 08:00:00 AM","DO_conc",8,"cb","poolDown","NA",553
"06/20/23 08:15:00 AM","DO_conc",7.99,"cb","poolDown","NA",554
"06/20/23 08:30:00 AM","DO_conc",8,"cb","poolDown","NA",555
"06/20/23 08:45:00 AM","DO_conc",8.04,"cb","poolDown","NA",556
"06/20/23 09:00:00 AM","DO_conc",8.09,"cb","poolDown","NA",557
"06/20/23 09:15:00 AM","DO_conc",8.17,"cb","poolDown","NA",558
"06/20/23 09:30:00 AM","DO_conc",8.25,"cb","poolDown","NA",559
"06/20/23 09:45:00 AM","DO_conc",8.29,"cb","poolDown","NA",560
"06/20/23 10:00:00 AM","DO_conc",8.27,"cb","poolDown","NA",561
"06/20/23 10:15:00 AM","DO_conc",8.26,"cb","poolDown","NA",562
"06/20/23 10:30:00 AM","DO_conc",8.26,"cb","poolDown","NA",563
"06/20/23 10:45:00 AM","DO_conc",8.25,"cb","poolDown","NA",564
"06/20/23 11:00:00 AM","DO_conc",8.25,"cb","poolDown","NA",565
"06/20/23 11:15:00 AM","DO_conc",8.24,"cb","poolDown","NA",566
"06/20/23 11:30:00 AM","DO_conc",8.24,"cb","poolDown","NA",567
"06/20/23 11:45:00 AM","DO_conc",8.24,"cb","poolDown","NA",568
"06/20/23 12:00:00 PM","DO_conc",8.25,"cb","poolDown","NA",569
"06/20/23 12:15:00 PM","DO_conc",8.25,"cb","poolDown","NA",570
"06/20/23 12:30:00 PM","DO_conc",8.28,"cb","poolDown","NA",571
"06/20/23 12:45:00 PM","DO_conc",8.33,"cb","poolDown","NA",572
"06/20/23 01:00:00 PM","DO_conc",8.38,"cb","poolDown","NA",573
"06/20/23 01:15:00 PM","DO_conc",8.44,"cb","poolDown","NA",574
"06/20/23 01:30:00 PM","DO_conc",8.51,"cb","poolDown","NA",575
"06/20/23 01:45:00 PM","DO_conc",8.6,"cb","poolDown","NA",576
"06/20/23 02:00:00 PM","DO_conc",8.65,"cb","poolDown","NA",577
"06/20/23 02:15:00 PM","DO_conc",8.67,"cb","poolDown","NA",578
"06/20/23 02:30:00 PM","DO_conc",8.68,"cb","poolDown","NA",579
"06/20/23 02:45:00 PM","DO_conc",8.66,"cb","poolDown","NA",580
"06/20/23 03:00:00 PM","DO_conc",8.65,"cb","poolDown","NA",581
"06/20/23 03:15:00 PM","DO_conc",8.64,"cb","poolDown","NA",582
"06/20/23 03:30:00 PM","DO_conc",8.63,"cb","poolDown","NA",583
"06/20/23 03:45:00 PM","DO_conc",8.61,"cb","poolDown","NA",584
"06/20/23 04:00:00 PM","DO_conc",8.61,"cb","poolDown","NA",585
"06/20/23 04:15:00 PM","DO_conc",8.54,"cb","poolDown","NA",586
"06/20/23 04:30:00 PM","DO_conc",8.44,"cb","poolDown","NA",587
"06/20/23 04:45:00 PM","DO_conc",8.38,"cb","poolDown","NA",588
"06/20/23 05:00:00 PM","DO_conc",8.29,"cb","poolDown","NA",589
"06/20/23 05:15:00 PM","DO_conc",8.25,"cb","poolDown","NA",590
"06/20/23 05:30:00 PM","DO_conc",8.21,"cb","poolDown","NA",591
"06/20/23 05:45:00 PM","DO_conc",8.17,"cb","poolDown","NA",592
"06/20/23 06:00:00 PM","DO_conc",8.19,"cb","poolDown","NA",593
"06/20/23 06:15:00 PM","DO_conc",8.17,"cb","poolDown","NA",594
"06/20/23 06:30:00 PM","DO_conc",8.17,"cb","poolDown","NA",595
"06/20/23 06:45:00 PM","DO_conc",8.17,"cb","poolDown","NA",596
"06/20/23 07:00:00 PM","DO_conc",8.19,"cb","poolDown","NA",597
"06/20/23 07:15:00 PM","DO_conc",8.21,"cb","poolDown","NA",598
"06/20/23 07:30:00 PM","DO_conc",8.23,"cb","poolDown","NA",599
"06/20/23 07:45:00 PM","DO_conc",8.24,"cb","poolDown","NA",600
"06/20/23 08:00:00 PM","DO_conc",8.26,"cb","poolDown","NA",601
"06/20/23 08:15:00 PM","DO_conc",8.28,"cb","poolDown","NA",602
"06/20/23 08:30:00 PM","DO_conc",8.28,"cb","poolDown","NA",603
"06/20/23 08:45:00 PM","DO_conc",8.29,"cb","poolDown","NA",604
"06/20/23 09:00:00 PM","DO_conc",8.29,"cb","poolDown","NA",605
"06/20/23 09:15:00 PM","DO_conc",8.29,"cb","poolDown","NA",606
"06/20/23 09:30:00 PM","DO_conc",8.31,"cb","poolDown","NA",607
"06/20/23 09:45:00 PM","DO_conc",8.34,"cb","poolDown","NA",608
"06/20/23 10:00:00 PM","DO_conc",8.35,"cb","poolDown","NA",609
"06/20/23 10:15:00 PM","DO_conc",8.35,"cb","poolDown","NA",610
"06/20/23 10:30:00 PM","DO_conc",8.36,"cb","poolDown","NA",611
"06/20/23 10:45:00 PM","DO_conc",8.35,"cb","poolDown","NA",612
"06/20/23 11:00:00 PM","DO_conc",8.36,"cb","poolDown","NA",613
"06/20/23 11:15:00 PM","DO_conc",8.35,"cb","poolDown","NA",614
"06/20/23 11:30:00 PM","DO_conc",8.34,"cb","poolDown","NA",615
"06/20/23 11:45:00 PM","DO_conc",8.35,"cb","poolDown","NA",616
"06/21/23 12:00:00 AM","DO_conc",8.35,"cb","poolDown","NA",617
"06/21/23 12:15:00 AM","DO_conc",8.35,"cb","poolDown","NA",618
"06/21/23 12:30:00 AM","DO_conc",8.34,"cb","poolDown","NA",619
"06/21/23 12:45:00 AM","DO_conc",8.33,"cb","poolDown","NA",620
"06/21/23 01:00:00 AM","DO_conc",8.31,"cb","poolDown","NA",621
"06/21/23 01:15:00 AM","DO_conc",8.3,"cb","poolDown","NA",622
"06/21/23 01:30:00 AM","DO_conc",8.3,"cb","poolDown","NA",623
"06/21/23 01:45:00 AM","DO_conc",8.3,"cb","poolDown","NA",624
"06/21/23 02:00:00 AM","DO_conc",8.29,"cb","poolDown","NA",625
"06/21/23 02:15:00 AM","DO_conc",8.29,"cb","poolDown","NA",626
"06/21/23 02:30:00 AM","DO_conc",8.3,"cb","poolDown","NA",627
"06/21/23 02:45:00 AM","DO_conc",8.3,"cb","poolDown","NA",628
"06/21/23 03:00:00 AM","DO_conc",8.31,"cb","poolDown","NA",629
"06/21/23 03:15:00 AM","DO_conc",8.33,"cb","poolDown","NA",630
"06/21/23 03:30:00 AM","DO_conc",8.33,"cb","poolDown","NA",631
"06/21/23 03:45:00 AM","DO_conc",8.33,"cb","poolDown","NA",632
"06/21/23 04:00:00 AM","DO_conc",8.35,"cb","poolDown","NA",633
"06/21/23 04:15:00 AM","DO_conc",8.35,"cb","poolDown","NA",634
"06/21/23 04:30:00 AM","DO_conc",8.36,"cb","poolDown","NA",635
"06/21/23 04:45:00 AM","DO_conc",8.36,"cb","poolDown","NA",636
"06/21/23 05:00:00 AM","DO_conc",8.37,"cb","poolDown","NA",637
"06/21/23 05:15:00 AM","DO_conc",8.37,"cb","poolDown","NA",638
"06/21/23 05:30:00 AM","DO_conc",8.38,"cb","poolDown","NA",639
"06/21/23 05:45:00 AM","DO_conc",8.38,"cb","poolDown","NA",640
"06/21/23 06:00:00 AM","DO_conc",8.38,"cb","poolDown","NA",641
"06/21/23 06:15:00 AM","DO_conc",8.38,"cb","poolDown","NA",642
"06/21/23 06:30:00 AM","DO_conc",8.37,"cb","poolDown","NA",643
"06/21/23 06:45:00 AM","DO_conc",8.37,"cb","poolDown","NA",644
"06/21/23 07:00:00 AM","DO_conc",8.37,"cb","poolDown","NA",645
"06/21/23 07:15:00 AM","DO_conc",8.37,"cb","poolDown","NA",646
"06/21/23 07:30:00 AM","DO_conc",8.37,"cb","poolDown","NA",647
"06/21/23 07:45:00 AM","DO_conc",8.38,"cb","poolDown","NA",648
"06/21/23 08:00:00 AM","DO_conc",8.38,"cb","poolDown","NA",649
"06/21/23 08:15:00 AM","DO_conc",8.39,"cb","poolDown","NA",650
"06/21/23 08:30:00 AM","DO_conc",8.39,"cb","poolDown","NA",651
"06/21/23 08:45:00 AM","DO_conc",8.39,"cb","poolDown","NA",652
"06/21/23 09:00:00 AM","DO_conc",8.4,"cb","poolDown","NA",653
"06/21/23 09:15:00 AM","DO_conc",8.4,"cb","poolDown","NA",654
"06/21/23 09:30:00 AM","DO_conc",8.41,"cb","poolDown","NA",655
"06/21/23 09:45:00 AM","DO_conc",8.42,"cb","poolDown","NA",656
"06/21/23 10:00:00 AM","DO_conc",8.43,"cb","poolDown","NA",657
"06/21/23 10:15:00 AM","DO_conc",8.44,"cb","poolDown","NA",658
"06/21/23 10:30:00 AM","DO_conc",8.44,"cb","poolDown","NA",659
"06/21/23 10:45:00 AM","DO_conc",8.47,"cb","poolDown","NA",660
"06/21/23 11:00:00 AM","DO_conc",8.48,"cb","poolDown","NA",661
"06/21/23 11:15:00 AM","DO_conc",8.48,"cb","poolDown","NA",662
"06/21/23 11:30:00 AM","DO_conc",8.49,"cb","poolDown","NA",663
"06/14/23 02:00:00 PM","Temp_C",23.8,"cb","poolDown","NA",664
"06/14/23 02:15:00 PM","Temp_C",23.84,"cb","poolDown","NA",665
"06/14/23 02:30:00 PM","Temp_C",23.94,"cb","poolDown","NA",666
"06/14/23 02:45:00 PM","Temp_C",23.94,"cb","poolDown","NA",667
"06/14/23 03:00:00 PM","Temp_C",23.94,"cb","poolDown","NA",668
"06/14/23 03:15:00 PM","Temp_C",24.02,"cb","poolDown","NA",669
"06/14/23 03:30:00 PM","Temp_C",24.18,"cb","poolDown","NA",670
"06/14/23 03:45:00 PM","Temp_C",24.36,"cb","poolDown","NA",671
"06/14/23 04:00:00 PM","Temp_C",24.5,"cb","poolDown","NA",672
"06/14/23 04:15:00 PM","Temp_C",24.56,"cb","poolDown","NA",673
"06/14/23 04:30:00 PM","Temp_C",24.6,"cb","poolDown","NA",674
"06/14/23 04:45:00 PM","Temp_C",24.58,"cb","poolDown","NA",675
"06/14/23 05:00:00 PM","Temp_C",24.58,"cb","poolDown","NA",676
"06/14/23 05:15:00 PM","Temp_C",24.58,"cb","poolDown","NA",677
"06/14/23 05:30:00 PM","Temp_C",24.64,"cb","poolDown","NA",678
"06/14/23 05:45:00 PM","Temp_C",24.64,"cb","poolDown","NA",679
"06/14/23 06:00:00 PM","Temp_C",24.56,"cb","poolDown","NA",680
"06/14/23 06:15:00 PM","Temp_C",24.44,"cb","poolDown","NA",681
"06/14/23 06:30:00 PM","Temp_C",24.28,"cb","poolDown","NA",682
"06/14/23 06:45:00 PM","Temp_C",24.16,"cb","poolDown","NA",683
"06/14/23 07:00:00 PM","Temp_C",24.04,"cb","poolDown","NA",684
"06/14/23 07:15:00 PM","Temp_C",23.92,"cb","poolDown","NA",685
"06/14/23 07:30:00 PM","Temp_C",23.78,"cb","poolDown","NA",686
"06/14/23 07:45:00 PM","Temp_C",23.66,"cb","poolDown","NA",687
"06/14/23 08:00:00 PM","Temp_C",23.54,"cb","poolDown","NA",688
"06/14/23 08:15:00 PM","Temp_C",23.38,"cb","poolDown","NA",689
"06/14/23 08:30:00 PM","Temp_C",23.24,"cb","poolDown","NA",690
"06/14/23 08:45:00 PM","Temp_C",23.1,"cb","poolDown","NA",691
"06/14/23 09:00:00 PM","Temp_C",22.96,"cb","poolDown","NA",692
"06/14/23 09:15:00 PM","Temp_C",22.82,"cb","poolDown","NA",693
"06/14/23 09:30:00 PM","Temp_C",22.7,"cb","poolDown","NA",694
"06/14/23 09:45:00 PM","Temp_C",22.58,"cb","poolDown","NA",695
"06/14/23 10:00:00 PM","Temp_C",22.46,"cb","poolDown","NA",696
"06/14/23 10:15:00 PM","Temp_C",22.36,"cb","poolDown","NA",697
"06/14/23 10:30:00 PM","Temp_C",22.24,"cb","poolDown","NA",698
"06/14/23 10:45:00 PM","Temp_C",22.14,"cb","poolDown","NA",699
"06/14/23 11:00:00 PM","Temp_C",22.04,"cb","poolDown","NA",700
"06/14/23 11:15:00 PM","Temp_C",21.94,"cb","poolDown","NA",701
"06/14/23 11:30:00 PM","Temp_C",21.86,"cb","poolDown","NA",702
"06/14/23 11:45:00 PM","Temp_C",21.78,"cb","poolDown","NA",703
"06/15/23 12:00:00 AM","Temp_C",21.7,"cb","poolDown","NA",704
"06/15/23 12:15:00 AM","Temp_C",21.64,"cb","poolDown","NA",705
"06/15/23 12:30:00 AM","Temp_C",21.56,"cb","poolDown","NA",706
"06/15/23 12:45:00 AM","Temp_C",21.5,"cb","poolDown","NA",707
"06/15/23 01:00:00 AM","Temp_C",21.44,"cb","poolDown","NA",708
"06/15/23 01:15:00 AM","Temp_C",21.38,"cb","poolDown","NA",709
"06/15/23 01:30:00 AM","Temp_C",21.34,"cb","poolDown","NA",710
"06/15/23 01:45:00 AM","Temp_C",21.3,"cb","poolDown","NA",711
"06/15/23 02:00:00 AM","Temp_C",21.24,"cb","poolDown","NA",712
"06/15/23 02:15:00 AM","Temp_C",21.18,"cb","poolDown","NA",713
"06/15/23 02:30:00 AM","Temp_C",21.14,"cb","poolDown","NA",714
"06/15/23 02:45:00 AM","Temp_C",21.08,"cb","poolDown","NA",715
"06/15/23 03:00:00 AM","Temp_C",21.02,"cb","poolDown","NA",716
"06/15/23 03:15:00 AM","Temp_C",20.98,"cb","poolDown","NA",717
"06/15/23 03:30:00 AM","Temp_C",20.92,"cb","poolDown","NA",718
"06/15/23 03:45:00 AM","Temp_C",20.86,"cb","poolDown","NA",719
"06/15/23 04:00:00 AM","Temp_C",20.8,"cb","poolDown","NA",720
"06/15/23 04:15:00 AM","Temp_C",20.74,"cb","poolDown","NA",721
"06/15/23 04:30:00 AM","Temp_C",20.68,"cb","poolDown","NA",722
"06/15/23 04:45:00 AM","Temp_C",20.62,"cb","poolDown","NA",723
"06/15/23 05:00:00 AM","Temp_C",20.56,"cb","poolDown","NA",724
"06/15/23 05:15:00 AM","Temp_C",20.5,"cb","poolDown","NA",725
"06/15/23 05:30:00 AM","Temp_C",20.46,"cb","poolDown","NA",726
"06/15/23 05:45:00 AM","Temp_C",20.4,"cb","poolDown","NA",727
"06/15/23 06:00:00 AM","Temp_C",20.34,"cb","poolDown","NA",728
"06/15/23 06:15:00 AM","Temp_C",20.28,"cb","poolDown","NA",729
"06/15/23 06:30:00 AM","Temp_C",20.22,"cb","poolDown","NA",730
"06/15/23 06:45:00 AM","Temp_C",20.16,"cb","poolDown","NA",731
"06/15/23 07:00:00 AM","Temp_C",20.12,"cb","poolDown","NA",732
"06/15/23 07:15:00 AM","Temp_C",20.08,"cb","poolDown","NA",733
"06/15/23 07:30:00 AM","Temp_C",20.04,"cb","poolDown","NA",734
"06/15/23 07:45:00 AM","Temp_C",20.02,"cb","poolDown","NA",735
"06/15/23 08:00:00 AM","Temp_C",20.02,"cb","poolDown","NA",736
"06/15/23 08:15:00 AM","Temp_C",20.02,"cb","poolDown","NA",737
"06/15/23 08:30:00 AM","Temp_C",20.04,"cb","poolDown","NA",738
"06/15/23 08:45:00 AM","Temp_C",20.06,"cb","poolDown","NA",739
"06/15/23 09:00:00 AM","Temp_C",20.12,"cb","poolDown","NA",740
"06/15/23 09:15:00 AM","Temp_C",20.16,"cb","poolDown","NA",741
"06/15/23 09:30:00 AM","Temp_C",20.22,"cb","poolDown","NA",742
"06/15/23 09:45:00 AM","Temp_C",20.3,"cb","poolDown","NA",743
"06/15/23 10:00:00 AM","Temp_C",20.38,"cb","poolDown","NA",744
"06/15/23 10:15:00 AM","Temp_C",20.48,"cb","poolDown","NA",745
"06/15/23 10:30:00 AM","Temp_C",20.6,"cb","poolDown","NA",746
"06/15/23 10:45:00 AM","Temp_C",20.8,"cb","poolDown","NA",747
"06/15/23 11:00:00 AM","Temp_C",21.04,"cb","poolDown","NA",748
"06/15/23 11:15:00 AM","Temp_C",21.24,"cb","poolDown","NA",749
"06/15/23 11:30:00 AM","Temp_C",21.36,"cb","poolDown","NA",750
"06/15/23 11:45:00 AM","Temp_C",21.5,"cb","poolDown","NA",751
"06/15/23 12:00:00 PM","Temp_C",21.76,"cb","poolDown","NA",752
"06/15/23 12:15:00 PM","Temp_C",22.08,"cb","poolDown","NA",753
"06/15/23 12:30:00 PM","Temp_C",22.34,"cb","poolDown","NA",754
"06/15/23 12:45:00 PM","Temp_C",22.62,"cb","poolDown","NA",755
"06/15/23 01:00:00 PM","Temp_C",22.82,"cb","poolDown","NA",756
"06/15/23 01:15:00 PM","Temp_C",23.1,"cb","poolDown","NA",757
"06/15/23 01:30:00 PM","Temp_C",23.32,"cb","poolDown","NA",758
"06/15/23 01:45:00 PM","Temp_C",23.56,"cb","poolDown","NA",759
"06/15/23 02:00:00 PM","Temp_C",23.84,"cb","poolDown","NA",760
"06/15/23 02:15:00 PM","Temp_C",24.04,"cb","poolDown","NA",761
"06/15/23 02:30:00 PM","Temp_C",24.22,"cb","poolDown","NA",762
"06/15/23 02:45:00 PM","Temp_C",24.42,"cb","poolDown","NA",763
"06/15/23 03:00:00 PM","Temp_C",24.54,"cb","poolDown","NA",764
"06/15/23 03:15:00 PM","Temp_C",24.62,"cb","poolDown","NA",765
"06/15/23 03:30:00 PM","Temp_C",24.58,"cb","poolDown","NA",766
"06/15/23 03:45:00 PM","Temp_C",24.62,"cb","poolDown","NA",767
"06/15/23 04:00:00 PM","Temp_C",24.68,"cb","poolDown","NA",768
"06/15/23 04:15:00 PM","Temp_C",24.76,"cb","poolDown","NA",769
"06/15/23 04:30:00 PM","Temp_C",24.72,"cb","poolDown","NA",770
"06/15/23 04:45:00 PM","Temp_C",24.68,"cb","poolDown","NA",771
"06/15/23 05:00:00 PM","Temp_C",24.58,"cb","poolDown","NA",772
"06/15/23 05:15:00 PM","Temp_C",24.54,"cb","poolDown","NA",773
"06/15/23 05:30:00 PM","Temp_C",24.48,"cb","poolDown","NA",774
"06/15/23 05:45:00 PM","Temp_C",24.4,"cb","poolDown","NA",775
"06/15/23 06:00:00 PM","Temp_C",24.32,"cb","poolDown","NA",776
"06/15/23 06:15:00 PM","Temp_C",24.22,"cb","poolDown","NA",777
"06/15/23 06:30:00 PM","Temp_C",24.14,"cb","poolDown","NA",778
"06/15/23 06:45:00 PM","Temp_C",24.02,"cb","poolDown","NA",779
"06/15/23 07:00:00 PM","Temp_C",23.92,"cb","poolDown","NA",780
"06/15/23 07:15:00 PM","Temp_C",23.8,"cb","poolDown","NA",781
"06/15/23 07:30:00 PM","Temp_C",23.7,"cb","poolDown","NA",782
"06/15/23 07:45:00 PM","Temp_C",23.6,"cb","poolDown","NA",783
"06/15/23 08:00:00 PM","Temp_C",23.5,"cb","poolDown","NA",784
"06/15/23 08:15:00 PM","Temp_C",23.4,"cb","poolDown","NA",785
"06/15/23 08:30:00 PM","Temp_C",23.3,"cb","poolDown","NA",786
"06/15/23 08:45:00 PM","Temp_C",23.22,"cb","poolDown","NA",787
"06/15/23 09:00:00 PM","Temp_C",23.12,"cb","poolDown","NA",788
"06/15/23 09:15:00 PM","Temp_C",23.02,"cb","poolDown","NA",789
"06/15/23 09:30:00 PM","Temp_C",22.94,"cb","poolDown","NA",790
"06/15/23 09:45:00 PM","Temp_C",22.84,"cb","poolDown","NA",791
"06/15/23 10:00:00 PM","Temp_C",22.74,"cb","poolDown","NA",792
"06/15/23 10:15:00 PM","Temp_C",22.66,"cb","poolDown","NA",793
"06/15/23 10:30:00 PM","Temp_C",22.56,"cb","poolDown","NA",794
"06/15/23 10:45:00 PM","Temp_C",22.48,"cb","poolDown","NA",795
"06/15/23 11:00:00 PM","Temp_C",22.4,"cb","poolDown","NA",796
"06/15/23 11:15:00 PM","Temp_C",22.3,"cb","poolDown","NA",797
"06/15/23 11:30:00 PM","Temp_C",22.22,"cb","poolDown","NA",798
"06/15/23 11:45:00 PM","Temp_C",22.12,"cb","poolDown","NA",799
"06/16/23 12:00:00 AM","Temp_C",22.04,"cb","poolDown","NA",800
"06/16/23 12:15:00 AM","Temp_C",21.96,"cb","poolDown","NA",801
"06/16/23 12:30:00 AM","Temp_C",21.88,"cb","poolDown","NA",802
"06/16/23 12:45:00 AM","Temp_C",21.82,"cb","poolDown","NA",803
"06/16/23 01:00:00 AM","Temp_C",21.74,"cb","poolDown","NA",804
"06/16/23 01:15:00 AM","Temp_C",21.66,"cb","poolDown","NA",805
"06/16/23 01:30:00 AM","Temp_C",21.6,"cb","poolDown","NA",806
"06/16/23 01:45:00 AM","Temp_C",21.54,"cb","poolDown","NA",807
"06/16/23 02:00:00 AM","Temp_C",21.48,"cb","poolDown","NA",808
"06/16/23 02:15:00 AM","Temp_C",21.42,"cb","poolDown","NA",809
"06/16/23 02:30:00 AM","Temp_C",21.36,"cb","poolDown","NA",810
"06/16/23 02:45:00 AM","Temp_C",21.3,"cb","poolDown","NA",811
"06/16/23 03:00:00 AM","Temp_C",21.24,"cb","poolDown","NA",812
"06/16/23 03:15:00 AM","Temp_C",21.18,"cb","poolDown","NA",813
"06/16/23 03:30:00 AM","Temp_C",21.12,"cb","poolDown","NA",814
"06/16/23 03:45:00 AM","Temp_C",21.06,"cb","poolDown","NA",815
"06/16/23 04:00:00 AM","Temp_C",21.02,"cb","poolDown","NA",816
"06/16/23 04:15:00 AM","Temp_C",20.96,"cb","poolDown","NA",817
"06/16/23 04:30:00 AM","Temp_C",20.9,"cb","poolDown","NA",818
"06/16/23 04:45:00 AM","Temp_C",20.86,"cb","poolDown","NA",819
"06/16/23 05:00:00 AM","Temp_C",20.8,"cb","poolDown","NA",820
"06/16/23 05:15:00 AM","Temp_C",20.76,"cb","poolDown","NA",821
"06/16/23 05:30:00 AM","Temp_C",20.7,"cb","poolDown","NA",822
"06/16/23 05:45:00 AM","Temp_C",20.64,"cb","poolDown","NA",823
"06/16/23 06:00:00 AM","Temp_C",20.6,"cb","poolDown","NA",824
"06/16/23 06:15:00 AM","Temp_C",20.54,"cb","poolDown","NA",825
"06/16/23 06:30:00 AM","Temp_C",20.5,"cb","poolDown","NA",826
"06/16/23 06:45:00 AM","Temp_C",20.46,"cb","poolDown","NA",827
"06/16/23 07:00:00 AM","Temp_C",20.4,"cb","poolDown","NA",828
"06/16/23 07:15:00 AM","Temp_C",20.38,"cb","poolDown","NA",829
"06/16/23 07:30:00 AM","Temp_C",20.34,"cb","poolDown","NA",830
"06/16/23 07:45:00 AM","Temp_C",20.32,"cb","poolDown","NA",831
"06/16/23 08:00:00 AM","Temp_C",20.32,"cb","poolDown","NA",832
"06/16/23 08:15:00 AM","Temp_C",20.3,"cb","poolDown","NA",833
"06/16/23 08:30:00 AM","Temp_C",20.32,"cb","poolDown","NA",834
"06/16/23 08:45:00 AM","Temp_C",20.4,"cb","poolDown","NA",835
"06/16/23 09:00:00 AM","Temp_C",20.54,"cb","poolDown","NA",836
"06/16/23 09:15:00 AM","Temp_C",20.68,"cb","poolDown","NA",837
"06/16/23 09:30:00 AM","Temp_C",20.8,"cb","poolDown","NA",838
"06/16/23 09:45:00 AM","Temp_C",20.9,"cb","poolDown","NA",839
"06/16/23 10:00:00 AM","Temp_C",21.04,"cb","poolDown","NA",840
"06/16/23 10:15:00 AM","Temp_C",21.22,"cb","poolDown","NA",841
"06/16/23 10:30:00 AM","Temp_C",21.42,"cb","poolDown","NA",842
"06/16/23 10:45:00 AM","Temp_C",21.64,"cb","poolDown","NA",843
"06/16/23 11:00:00 AM","Temp_C",21.9,"cb","poolDown","NA",844
"06/16/23 11:15:00 AM","Temp_C",22.18,"cb","poolDown","NA",845
"06/16/23 11:30:00 AM","Temp_C",22.48,"cb","poolDown","NA",846
"06/16/23 11:45:00 AM","Temp_C",22.8,"cb","poolDown","NA",847
"06/16/23 12:00:00 PM","Temp_C",23.1,"cb","poolDown","NA",848
"06/16/23 12:15:00 PM","Temp_C",23.42,"cb","poolDown","NA",849
"06/16/23 12:30:00 PM","Temp_C",23.7,"cb","poolDown","NA",850
"06/16/23 12:45:00 PM","Temp_C",23.96,"cb","poolDown","NA",851
"06/16/23 01:00:00 PM","Temp_C",24.26,"cb","poolDown","NA",852
"06/16/23 01:15:00 PM","Temp_C",24.48,"cb","poolDown","NA",853
"06/16/23 01:30:00 PM","Temp_C",24.66,"cb","poolDown","NA",854
"06/16/23 01:45:00 PM","Temp_C",24.82,"cb","poolDown","NA",855
"06/16/23 02:00:00 PM","Temp_C",25.1,"cb","poolDown","NA",856
"06/16/23 02:15:00 PM","Temp_C",25.36,"cb","poolDown","NA",857
"06/16/23 02:30:00 PM","Temp_C",25.56,"cb","poolDown","NA",858
"06/16/23 02:45:00 PM","Temp_C",25.72,"cb","poolDown","NA",859
"06/16/23 03:00:00 PM","Temp_C",25.9,"cb","poolDown","NA",860
"06/16/23 03:15:00 PM","Temp_C",26.06,"cb","poolDown","NA",861
"06/16/23 03:30:00 PM","Temp_C",26.12,"cb","poolDown","NA",862
"06/16/23 03:45:00 PM","Temp_C",26.22,"cb","poolDown","NA",863
"06/16/23 04:00:00 PM","Temp_C",26.16,"cb","poolDown","NA",864
"06/16/23 04:15:00 PM","Temp_C",26.04,"cb","poolDown","NA",865
"06/16/23 04:30:00 PM","Temp_C",26,"cb","poolDown","NA",866
"06/16/23 04:45:00 PM","Temp_C",25.98,"cb","poolDown","NA",867
"06/16/23 05:00:00 PM","Temp_C",25.94,"cb","poolDown","NA",868
"06/16/23 05:15:00 PM","Temp_C",25.76,"cb","poolDown","NA",869
"06/16/23 05:30:00 PM","Temp_C",25.56,"cb","poolDown","NA",870
"06/16/23 05:45:00 PM","Temp_C",25.48,"cb","poolDown","NA",871
"06/16/23 06:00:00 PM","Temp_C",25.4,"cb","poolDown","NA",872
"06/16/23 06:15:00 PM","Temp_C",25.32,"cb","poolDown","NA",873
"06/16/23 06:30:00 PM","Temp_C",25.18,"cb","poolDown","NA",874
"06/16/23 06:45:00 PM","Temp_C",25.04,"cb","poolDown","NA",875
"06/16/23 07:00:00 PM","Temp_C",24.9,"cb","poolDown","NA",876
"06/16/23 07:15:00 PM","Temp_C",24.8,"cb","poolDown","NA",877
"06/16/23 07:30:00 PM","Temp_C",24.7,"cb","poolDown","NA",878
"06/16/23 07:45:00 PM","Temp_C",24.6,"cb","poolDown","NA",879
"06/16/23 08:00:00 PM","Temp_C",24.48,"cb","poolDown","NA",880
"06/16/23 08:15:00 PM","Temp_C",24.38,"cb","poolDown","NA",881
"06/16/23 08:30:00 PM","Temp_C",24.26,"cb","poolDown","NA",882
"06/16/23 08:45:00 PM","Temp_C",24.14,"cb","poolDown","NA",883
"06/16/23 09:00:00 PM","Temp_C",24.02,"cb","poolDown","NA",884
"06/16/23 09:15:00 PM","Temp_C",23.9,"cb","poolDown","NA",885
"06/16/23 09:30:00 PM","Temp_C",23.78,"cb","poolDown","NA",886
"06/16/23 09:45:00 PM","Temp_C",23.66,"cb","poolDown","NA",887
"06/16/23 10:00:00 PM","Temp_C",23.56,"cb","poolDown","NA",888
"06/16/23 10:15:00 PM","Temp_C",23.44,"cb","poolDown","NA",889
"06/16/23 10:30:00 PM","Temp_C",23.32,"cb","poolDown","NA",890
"06/16/23 10:45:00 PM","Temp_C",23.18,"cb","poolDown","NA",891
"06/16/23 11:00:00 PM","Temp_C",23.06,"cb","poolDown","NA",892
"06/16/23 11:15:00 PM","Temp_C",22.94,"cb","poolDown","NA",893
"06/16/23 11:30:00 PM","Temp_C",22.82,"cb","poolDown","NA",894
"06/16/23 11:45:00 PM","Temp_C",22.68,"cb","poolDown","NA",895
"06/17/23 12:00:00 AM","Temp_C",22.54,"cb","poolDown","NA",896
"06/17/23 12:15:00 AM","Temp_C",22.4,"cb","poolDown","NA",897
"06/17/23 12:30:00 AM","Temp_C",22.28,"cb","poolDown","NA",898
"06/17/23 12:45:00 AM","Temp_C",22.14,"cb","poolDown","NA",899
"06/17/23 01:00:00 AM","Temp_C",22.04,"cb","poolDown","NA",900
"06/17/23 01:15:00 AM","Temp_C",21.92,"cb","poolDown","NA",901
"06/17/23 01:30:00 AM","Temp_C",21.78,"cb","poolDown","NA",902
"06/17/23 01:45:00 AM","Temp_C",21.68,"cb","poolDown","NA",903
"06/17/23 02:00:00 AM","Temp_C",21.56,"cb","poolDown","NA",904
"06/17/23 02:15:00 AM","Temp_C",21.44,"cb","poolDown","NA",905
"06/17/23 02:30:00 AM","Temp_C",21.34,"cb","poolDown","NA",906
"06/17/23 02:45:00 AM","Temp_C",21.24,"cb","poolDown","NA",907
"06/17/23 03:00:00 AM","Temp_C",21.14,"cb","poolDown","NA",908
"06/17/23 03:15:00 AM","Temp_C",21.02,"cb","poolDown","NA",909
"06/17/23 03:30:00 AM","Temp_C",20.92,"cb","poolDown","NA",910
"06/17/23 03:45:00 AM","Temp_C",20.82,"cb","poolDown","NA",911
"06/17/23 04:00:00 AM","Temp_C",20.72,"cb","poolDown","NA",912
"06/17/23 04:15:00 AM","Temp_C",20.64,"cb","poolDown","NA",913
"06/17/23 04:30:00 AM","Temp_C",20.54,"cb","poolDown","NA",914
"06/17/23 04:45:00 AM","Temp_C",20.46,"cb","poolDown","NA",915
"06/17/23 05:00:00 AM","Temp_C",20.36,"cb","poolDown","NA",916
"06/17/23 05:15:00 AM","Temp_C",20.28,"cb","poolDown","NA",917
"06/17/23 05:30:00 AM","Temp_C",20.2,"cb","poolDown","NA",918
"06/17/23 05:45:00 AM","Temp_C",20.12,"cb","poolDown","NA",919
"06/17/23 06:00:00 AM","Temp_C",20.04,"cb","poolDown","NA",920
"06/17/23 06:15:00 AM","Temp_C",19.96,"cb","poolDown","NA",921
"06/17/23 06:30:00 AM","Temp_C",19.9,"cb","poolDown","NA",922
"06/17/23 06:45:00 AM","Temp_C",19.82,"cb","poolDown","NA",923
"06/17/23 07:00:00 AM","Temp_C",19.76,"cb","poolDown","NA",924
"06/17/23 07:15:00 AM","Temp_C",19.72,"cb","poolDown","NA",925
"06/17/23 07:30:00 AM","Temp_C",19.66,"cb","poolDown","NA",926
"06/17/23 07:45:00 AM","Temp_C",19.64,"cb","poolDown","NA",927
"06/17/23 08:00:00 AM","Temp_C",19.62,"cb","poolDown","NA",928
"06/17/23 08:15:00 AM","Temp_C",19.6,"cb","poolDown","NA",929
"06/17/23 08:30:00 AM","Temp_C",19.62,"cb","poolDown","NA",930
"06/17/23 08:45:00 AM","Temp_C",19.72,"cb","poolDown","NA",931
"06/17/23 09:00:00 AM","Temp_C",19.84,"cb","poolDown","NA",932
"06/17/23 09:15:00 AM","Temp_C",19.98,"cb","poolDown","NA",933
"06/17/23 09:30:00 AM","Temp_C",20.08,"cb","poolDown","NA",934
"06/17/23 09:45:00 AM","Temp_C",20.18,"cb","poolDown","NA",935
"06/17/23 10:00:00 AM","Temp_C",20.34,"cb","poolDown","NA",936
"06/17/23 10:15:00 AM","Temp_C",20.48,"cb","poolDown","NA",937
"06/17/23 10:30:00 AM","Temp_C",20.68,"cb","poolDown","NA",938
"06/17/23 10:45:00 AM","Temp_C",20.94,"cb","poolDown","NA",939
"06/17/23 11:00:00 AM","Temp_C",21.2,"cb","poolDown","NA",940
"06/17/23 11:15:00 AM","Temp_C",21.46,"cb","poolDown","NA",941
"06/17/23 11:30:00 AM","Temp_C",21.72,"cb","poolDown","NA",942
"06/17/23 11:45:00 AM","Temp_C",21.94,"cb","poolDown","NA",943
"06/17/23 12:00:00 PM","Temp_C",22.18,"cb","poolDown","NA",944
"06/17/23 12:15:00 PM","Temp_C",22.4,"cb","poolDown","NA",945
"06/17/23 12:30:00 PM","Temp_C",22.62,"cb","poolDown","NA",946
"06/17/23 12:45:00 PM","Temp_C",22.78,"cb","poolDown","NA",947
"06/17/23 01:00:00 PM","Temp_C",22.92,"cb","poolDown","NA",948
"06/17/23 01:15:00 PM","Temp_C",23.08,"cb","poolDown","NA",949
"06/17/23 01:30:00 PM","Temp_C",23.3,"cb","poolDown","NA",950
"06/17/23 01:45:00 PM","Temp_C",23.46,"cb","poolDown","NA",951
"06/17/23 02:00:00 PM","Temp_C",23.62,"cb","poolDown","NA",952
"06/17/23 02:15:00 PM","Temp_C",23.84,"cb","poolDown","NA",953
"06/17/23 02:30:00 PM","Temp_C",24.06,"cb","poolDown","NA",954
"06/17/23 02:45:00 PM","Temp_C",24.24,"cb","poolDown","NA",955
"06/17/23 03:00:00 PM","Temp_C",24.4,"cb","poolDown","NA",956
"06/17/23 03:15:00 PM","Temp_C",24.52,"cb","poolDown","NA",957
"06/17/23 03:30:00 PM","Temp_C",24.62,"cb","poolDown","NA",958
"06/17/23 03:45:00 PM","Temp_C",24.74,"cb","poolDown","NA",959
"06/17/23 04:00:00 PM","Temp_C",24.86,"cb","poolDown","NA",960
"06/17/23 04:15:00 PM","Temp_C",24.92,"cb","poolDown","NA",961
"06/17/23 04:30:00 PM","Temp_C",24.96,"cb","poolDown","NA",962
"06/17/23 04:45:00 PM","Temp_C",24.96,"cb","poolDown","NA",963
"06/17/23 05:00:00 PM","Temp_C",24.98,"cb","poolDown","NA",964
"06/17/23 05:15:00 PM","Temp_C",25,"cb","poolDown","NA",965
"06/17/23 05:30:00 PM","Temp_C",24.98,"cb","poolDown","NA",966
"06/17/23 05:45:00 PM","Temp_C",24.94,"cb","poolDown","NA",967
"06/17/23 06:00:00 PM","Temp_C",24.84,"cb","poolDown","NA",968
"06/17/23 06:15:00 PM","Temp_C",24.7,"cb","poolDown","NA",969
"06/17/23 06:30:00 PM","Temp_C",24.52,"cb","poolDown","NA",970
"06/17/23 06:45:00 PM","Temp_C",24.36,"cb","poolDown","NA",971
"06/17/23 07:00:00 PM","Temp_C",24.2,"cb","poolDown","NA",972
"06/17/23 07:15:00 PM","Temp_C",24.06,"cb","poolDown","NA",973
"06/17/23 07:30:00 PM","Temp_C",23.9,"cb","poolDown","NA",974
"06/17/23 07:45:00 PM","Temp_C",23.74,"cb","poolDown","NA",975
"06/17/23 08:00:00 PM","Temp_C",23.58,"cb","poolDown","NA",976
"06/17/23 08:15:00 PM","Temp_C",23.4,"cb","poolDown","NA",977
"06/17/23 08:30:00 PM","Temp_C",23.24,"cb","poolDown","NA",978
"06/17/23 08:45:00 PM","Temp_C",23.08,"cb","poolDown","NA",979
"06/17/23 09:00:00 PM","Temp_C",22.92,"cb","poolDown","NA",980
"06/17/23 09:15:00 PM","Temp_C",22.76,"cb","poolDown","NA",981
"06/17/23 09:30:00 PM","Temp_C",22.62,"cb","poolDown","NA",982
"06/17/23 09:45:00 PM","Temp_C",22.48,"cb","poolDown","NA",983
"06/17/23 10:00:00 PM","Temp_C",22.34,"cb","poolDown","NA",984
"06/17/23 10:15:00 PM","Temp_C",22.2,"cb","poolDown","NA",985
"06/17/23 10:30:00 PM","Temp_C",22.08,"cb","poolDown","NA",986
"06/17/23 10:45:00 PM","Temp_C",21.94,"cb","poolDown","NA",987
"06/17/23 11:00:00 PM","Temp_C",21.84,"cb","poolDown","NA",988
"06/17/23 11:15:00 PM","Temp_C",21.72,"cb","poolDown","NA",989
"06/17/23 11:30:00 PM","Temp_C",21.62,"cb","poolDown","NA",990
"06/17/23 11:45:00 PM","Temp_C",21.52,"cb","poolDown","NA",991
"06/18/23 12:00:00 AM","Temp_C",21.42,"cb","poolDown","NA",992
"06/18/23 12:15:00 AM","Temp_C",21.34,"cb","poolDown","NA",993
"06/18/23 12:30:00 AM","Temp_C",21.24,"cb","poolDown","NA",994
"06/18/23 12:45:00 AM","Temp_C",21.16,"cb","poolDown","NA",995
"06/18/23 01:00:00 AM","Temp_C",21.08,"cb","poolDown","NA",996
"06/18/23 01:15:00 AM","Temp_C",21,"cb","poolDown","NA",997
"06/18/23 01:30:00 AM","Temp_C",20.92,"cb","poolDown","NA",998
"06/18/23 01:45:00 AM","Temp_C",20.86,"cb","poolDown","NA",999
"06/18/23 02:00:00 AM","Temp_C",20.78,"cb","poolDown","NA",1000
"06/18/23 02:15:00 AM","Temp_C",20.72,"cb","poolDown","NA",1001
"06/18/23 02:30:00 AM","Temp_C",20.66,"cb","poolDown","NA",1002
"06/18/23 02:45:00 AM","Temp_C",20.6,"cb","poolDown","NA",1003
"06/18/23 03:00:00 AM","Temp_C",20.52,"cb","poolDown","NA",1004
"06/18/23 03:15:00 AM","Temp_C",20.46,"cb","poolDown","NA",1005
"06/18/23 03:30:00 AM","Temp_C",20.4,"cb","poolDown","NA",1006
"06/18/23 03:45:00 AM","Temp_C",20.32,"cb","poolDown","NA",1007
"06/18/23 04:00:00 AM","Temp_C",20.26,"cb","poolDown","NA",1008
"06/18/23 04:15:00 AM","Temp_C",20.2,"cb","poolDown","NA",1009
"06/18/23 04:30:00 AM","Temp_C",20.12,"cb","poolDown","NA",1010
"06/18/23 04:45:00 AM","Temp_C",20.06,"cb","poolDown","NA",1011
"06/18/23 05:00:00 AM","Temp_C",20,"cb","poolDown","NA",1012
"06/18/23 05:15:00 AM","Temp_C",19.94,"cb","poolDown","NA",1013
"06/18/23 05:30:00 AM","Temp_C",19.88,"cb","poolDown","NA",1014
"06/18/23 05:45:00 AM","Temp_C",19.8,"cb","poolDown","NA",1015
"06/18/23 06:00:00 AM","Temp_C",19.74,"cb","poolDown","NA",1016
"06/18/23 06:15:00 AM","Temp_C",19.68,"cb","poolDown","NA",1017
"06/18/23 06:30:00 AM","Temp_C",19.62,"cb","poolDown","NA",1018
"06/18/23 06:45:00 AM","Temp_C",19.56,"cb","poolDown","NA",1019
"06/18/23 07:00:00 AM","Temp_C",19.5,"cb","poolDown","NA",1020
"06/18/23 07:15:00 AM","Temp_C",19.46,"cb","poolDown","NA",1021
"06/18/23 07:30:00 AM","Temp_C",19.44,"cb","poolDown","NA",1022
"06/18/23 07:45:00 AM","Temp_C",19.4,"cb","poolDown","NA",1023
"06/18/23 08:00:00 AM","Temp_C",19.38,"cb","poolDown","NA",1024
"06/18/23 08:15:00 AM","Temp_C",19.4,"cb","poolDown","NA",1025
"06/18/23 08:30:00 AM","Temp_C",19.42,"cb","poolDown","NA",1026
"06/18/23 08:45:00 AM","Temp_C",19.5,"cb","poolDown","NA",1027
"06/18/23 09:00:00 AM","Temp_C",19.64,"cb","poolDown","NA",1028
"06/18/23 09:15:00 AM","Temp_C",19.78,"cb","poolDown","NA",1029
"06/18/23 09:30:00 AM","Temp_C",19.9,"cb","poolDown","NA",1030
"06/18/23 09:45:00 AM","Temp_C",20,"cb","poolDown","NA",1031
"06/18/23 10:00:00 AM","Temp_C",20.14,"cb","poolDown","NA",1032
"06/18/23 10:15:00 AM","Temp_C",20.28,"cb","poolDown","NA",1033
"06/18/23 10:30:00 AM","Temp_C",20.48,"cb","poolDown","NA",1034
"06/18/23 10:45:00 AM","Temp_C",20.68,"cb","poolDown","NA",1035
"06/18/23 11:00:00 AM","Temp_C",20.96,"cb","poolDown","NA",1036
"06/18/23 11:15:00 AM","Temp_C",21.24,"cb","poolDown","NA",1037
"06/18/23 11:30:00 AM","Temp_C",21.5,"cb","poolDown","NA",1038
"06/18/23 11:45:00 AM","Temp_C",21.74,"cb","poolDown","NA",1039
"06/18/23 12:00:00 PM","Temp_C",22,"cb","poolDown","NA",1040
"06/18/23 12:15:00 PM","Temp_C",22.26,"cb","poolDown","NA",1041
"06/18/23 12:30:00 PM","Temp_C",22.48,"cb","poolDown","NA",1042
"06/18/23 12:45:00 PM","Temp_C",22.7,"cb","poolDown","NA",1043
"06/18/23 01:00:00 PM","Temp_C",23.02,"cb","poolDown","NA",1044
"06/18/23 01:15:00 PM","Temp_C",23.28,"cb","poolDown","NA",1045
"06/18/23 01:30:00 PM","Temp_C",23.54,"cb","poolDown","NA",1046
"06/18/23 01:45:00 PM","Temp_C",23.82,"cb","poolDown","NA",1047
"06/18/23 02:00:00 PM","Temp_C",24.1,"cb","poolDown","NA",1048
"06/18/23 02:15:00 PM","Temp_C",24.34,"cb","poolDown","NA",1049
"06/18/23 02:30:00 PM","Temp_C",24.6,"cb","poolDown","NA",1050
"06/18/23 02:45:00 PM","Temp_C",24.76,"cb","poolDown","NA",1051
"06/18/23 03:00:00 PM","Temp_C",24.88,"cb","poolDown","NA",1052
"06/18/23 03:15:00 PM","Temp_C",25,"cb","poolDown","NA",1053
"06/18/23 03:30:00 PM","Temp_C",25.12,"cb","poolDown","NA",1054
"06/18/23 03:45:00 PM","Temp_C",25.28,"cb","poolDown","NA",1055
"06/18/23 04:00:00 PM","Temp_C",25.38,"cb","poolDown","NA",1056
"06/18/23 04:15:00 PM","Temp_C",25.54,"cb","poolDown","NA",1057
"06/18/23 04:30:00 PM","Temp_C",25.66,"cb","poolDown","NA",1058
"06/18/23 04:45:00 PM","Temp_C",25.72,"cb","poolDown","NA",1059
"06/18/23 05:00:00 PM","Temp_C",25.74,"cb","poolDown","NA",1060
"06/18/23 05:15:00 PM","Temp_C",25.76,"cb","poolDown","NA",1061
"06/18/23 05:30:00 PM","Temp_C",25.8,"cb","poolDown","NA",1062
"06/18/23 05:45:00 PM","Temp_C",25.8,"cb","poolDown","NA",1063
"06/18/23 06:00:00 PM","Temp_C",25.74,"cb","poolDown","NA",1064
"06/18/23 06:15:00 PM","Temp_C",25.64,"cb","poolDown","NA",1065
"06/18/23 06:30:00 PM","Temp_C",25.52,"cb","poolDown","NA",1066
"06/18/23 06:45:00 PM","Temp_C",25.4,"cb","poolDown","NA",1067
"06/18/23 07:00:00 PM","Temp_C",25.28,"cb","poolDown","NA",1068
"06/18/23 07:15:00 PM","Temp_C",25.14,"cb","poolDown","NA",1069
"06/18/23 07:30:00 PM","Temp_C",25,"cb","poolDown","NA",1070
"06/18/23 07:45:00 PM","Temp_C",24.82,"cb","poolDown","NA",1071
"06/18/23 08:00:00 PM","Temp_C",24.66,"cb","poolDown","NA",1072
"06/18/23 08:15:00 PM","Temp_C",24.48,"cb","poolDown","NA",1073
"06/18/23 08:30:00 PM","Temp_C",24.3,"cb","poolDown","NA",1074
"06/18/23 08:45:00 PM","Temp_C",24.12,"cb","poolDown","NA",1075
"06/18/23 09:00:00 PM","Temp_C",23.92,"cb","poolDown","NA",1076
"06/18/23 09:15:00 PM","Temp_C",23.74,"cb","poolDown","NA",1077
"06/18/23 09:30:00 PM","Temp_C",23.56,"cb","poolDown","NA",1078
"06/18/23 09:45:00 PM","Temp_C",23.4,"cb","poolDown","NA",1079
"06/18/23 10:00:00 PM","Temp_C",23.26,"cb","poolDown","NA",1080
"06/18/23 10:15:00 PM","Temp_C",23.12,"cb","poolDown","NA",1081
"06/18/23 10:30:00 PM","Temp_C",22.98,"cb","poolDown","NA",1082
"06/18/23 10:45:00 PM","Temp_C",22.84,"cb","poolDown","NA",1083
"06/18/23 11:00:00 PM","Temp_C",22.72,"cb","poolDown","NA",1084
"06/18/23 11:15:00 PM","Temp_C",22.6,"cb","poolDown","NA",1085
"06/18/23 11:30:00 PM","Temp_C",22.48,"cb","poolDown","NA",1086
"06/18/23 11:45:00 PM","Temp_C",22.38,"cb","poolDown","NA",1087
"06/19/23 12:00:00 AM","Temp_C",22.26,"cb","poolDown","NA",1088
"06/19/23 12:15:00 AM","Temp_C",22.16,"cb","poolDown","NA",1089
"06/19/23 12:30:00 AM","Temp_C",22.08,"cb","poolDown","NA",1090
"06/19/23 12:45:00 AM","Temp_C",21.98,"cb","poolDown","NA",1091
"06/19/23 01:00:00 AM","Temp_C",21.9,"cb","poolDown","NA",1092
"06/19/23 01:15:00 AM","Temp_C",21.84,"cb","poolDown","NA",1093
"06/19/23 01:30:00 AM","Temp_C",21.76,"cb","poolDown","NA",1094
"06/19/23 01:45:00 AM","Temp_C",21.68,"cb","poolDown","NA",1095
"06/19/23 02:00:00 AM","Temp_C",21.62,"cb","poolDown","NA",1096
"06/19/23 02:15:00 AM","Temp_C",21.56,"cb","poolDown","NA",1097
"06/19/23 02:30:00 AM","Temp_C",21.52,"cb","poolDown","NA",1098
"06/19/23 02:45:00 AM","Temp_C",21.46,"cb","poolDown","NA",1099
"06/19/23 03:00:00 AM","Temp_C",21.4,"cb","poolDown","NA",1100
"06/19/23 03:15:00 AM","Temp_C",21.36,"cb","poolDown","NA",1101
"06/19/23 03:30:00 AM","Temp_C",21.3,"cb","poolDown","NA",1102
"06/19/23 03:45:00 AM","Temp_C",21.26,"cb","poolDown","NA",1103
"06/19/23 04:00:00 AM","Temp_C",21.22,"cb","poolDown","NA",1104
"06/19/23 04:15:00 AM","Temp_C",21.18,"cb","poolDown","NA",1105
"06/19/23 04:30:00 AM","Temp_C",21.14,"cb","poolDown","NA",1106
"06/19/23 04:45:00 AM","Temp_C",21.1,"cb","poolDown","NA",1107
"06/19/23 05:00:00 AM","Temp_C",21.06,"cb","poolDown","NA",1108
"06/19/23 05:15:00 AM","Temp_C",21.02,"cb","poolDown","NA",1109
"06/19/23 05:30:00 AM","Temp_C",21,"cb","poolDown","NA",1110
"06/19/23 05:45:00 AM","Temp_C",20.96,"cb","poolDown","NA",1111
"06/19/23 06:00:00 AM","Temp_C",20.94,"cb","poolDown","NA",1112
"06/19/23 06:15:00 AM","Temp_C",20.92,"cb","poolDown","NA",1113
"06/19/23 06:30:00 AM","Temp_C",20.88,"cb","poolDown","NA",1114
"06/19/23 06:45:00 AM","Temp_C",20.86,"cb","poolDown","NA",1115
"06/19/23 07:00:00 AM","Temp_C",20.84,"cb","poolDown","NA",1116
"06/19/23 07:15:00 AM","Temp_C",20.84,"cb","poolDown","NA",1117
"06/19/23 07:30:00 AM","Temp_C",20.82,"cb","poolDown","NA",1118
"06/19/23 07:45:00 AM","Temp_C",20.82,"cb","poolDown","NA",1119
"06/19/23 08:00:00 AM","Temp_C",20.84,"cb","poolDown","NA",1120
"06/19/23 08:15:00 AM","Temp_C",20.86,"cb","poolDown","NA",1121
"06/19/23 08:30:00 AM","Temp_C",20.88,"cb","poolDown","NA",1122
"06/19/23 08:45:00 AM","Temp_C",20.94,"cb","poolDown","NA",1123
"06/19/23 09:00:00 AM","Temp_C",21.02,"cb","poolDown","NA",1124
"06/19/23 09:15:00 AM","Temp_C",21.1,"cb","poolDown","NA",1125
"06/19/23 09:30:00 AM","Temp_C",21.18,"cb","poolDown","NA",1126
"06/19/23 09:45:00 AM","Temp_C",21.3,"cb","poolDown","NA",1127
"06/19/23 10:00:00 AM","Temp_C",21.4,"cb","poolDown","NA",1128
"06/19/23 10:15:00 AM","Temp_C",21.54,"cb","poolDown","NA",1129
"06/19/23 10:30:00 AM","Temp_C",21.68,"cb","poolDown","NA",1130
"06/19/23 10:45:00 AM","Temp_C",21.82,"cb","poolDown","NA",1131
"06/19/23 11:00:00 AM","Temp_C",22,"cb","poolDown","NA",1132
"06/19/23 11:15:00 AM","Temp_C",22.22,"cb","poolDown","NA",1133
"06/19/23 11:30:00 AM","Temp_C",22.4,"cb","poolDown","NA",1134
"06/19/23 11:45:00 AM","Temp_C",22.62,"cb","poolDown","NA",1135
"06/19/23 12:00:00 PM","Temp_C",22.82,"cb","poolDown","NA",1136
"06/19/23 12:15:00 PM","Temp_C",23.08,"cb","poolDown","NA",1137
"06/19/23 12:30:00 PM","Temp_C",23.2,"cb","poolDown","NA",1138
"06/19/23 12:45:00 PM","Temp_C",23.44,"cb","poolDown","NA",1139
"06/19/23 01:00:00 PM","Temp_C",23.7,"cb","poolDown","NA",1140
"06/19/23 01:15:00 PM","Temp_C",23.88,"cb","poolDown","NA",1141
"06/19/23 01:30:00 PM","Temp_C",24.02,"cb","poolDown","NA",1142
"06/19/23 01:45:00 PM","Temp_C",24.1,"cb","poolDown","NA",1143
"06/19/23 02:00:00 PM","Temp_C",24.18,"cb","poolDown","NA",1144
"06/19/23 02:15:00 PM","Temp_C",24.28,"cb","poolDown","NA",1145
"06/19/23 02:30:00 PM","Temp_C",24.34,"cb","poolDown","NA",1146
"06/19/23 02:45:00 PM","Temp_C",24.42,"cb","poolDown","NA",1147
"06/19/23 03:00:00 PM","Temp_C",24.42,"cb","poolDown","NA",1148
"06/19/23 03:15:00 PM","Temp_C",24.44,"cb","poolDown","NA",1149
"06/19/23 03:30:00 PM","Temp_C",24.4,"cb","poolDown","NA",1150
"06/19/23 03:45:00 PM","Temp_C",24.34,"cb","poolDown","NA",1151
"06/19/23 04:00:00 PM","Temp_C",24.28,"cb","poolDown","NA",1152
"06/19/23 04:15:00 PM","Temp_C",24.22,"cb","poolDown","NA",1153
"06/19/23 04:30:00 PM","Temp_C",24.16,"cb","poolDown","NA",1154
"06/19/23 04:45:00 PM","Temp_C",24.08,"cb","poolDown","NA",1155
"06/19/23 05:00:00 PM","Temp_C",23.92,"cb","poolDown","NA",1156
"06/19/23 05:15:00 PM","Temp_C",23.82,"cb","poolDown","NA",1157
"06/19/23 05:30:00 PM","Temp_C",23.72,"cb","poolDown","NA",1158
"06/19/23 05:45:00 PM","Temp_C",23.6,"cb","poolDown","NA",1159
"06/19/23 06:00:00 PM","Temp_C",23.5,"cb","poolDown","NA",1160
"06/19/23 06:15:00 PM","Temp_C",23.4,"cb","poolDown","NA",1161
"06/19/23 06:30:00 PM","Temp_C",23.32,"cb","poolDown","NA",1162
"06/19/23 06:45:00 PM","Temp_C",23.26,"cb","poolDown","NA",1163
"06/19/23 07:00:00 PM","Temp_C",23.18,"cb","poolDown","NA",1164
"06/19/23 07:15:00 PM","Temp_C",23.12,"cb","poolDown","NA",1165
"06/19/23 07:30:00 PM","Temp_C",23.04,"cb","poolDown","NA",1166
"06/19/23 07:45:00 PM","Temp_C",22.96,"cb","poolDown","NA",1167
"06/19/23 08:00:00 PM","Temp_C",22.88,"cb","poolDown","NA",1168
"06/19/23 08:15:00 PM","Temp_C",22.8,"cb","poolDown","NA",1169
"06/19/23 08:30:00 PM","Temp_C",22.74,"cb","poolDown","NA",1170
"06/19/23 08:45:00 PM","Temp_C",22.66,"cb","poolDown","NA",1171
"06/19/23 09:00:00 PM","Temp_C",22.6,"cb","poolDown","NA",1172
"06/19/23 09:15:00 PM","Temp_C",22.52,"cb","poolDown","NA",1173
"06/19/23 09:30:00 PM","Temp_C",22.46,"cb","poolDown","NA",1174
"06/19/23 09:45:00 PM","Temp_C",22.4,"cb","poolDown","NA",1175
"06/19/23 10:00:00 PM","Temp_C",22.34,"cb","poolDown","NA",1176
"06/19/23 10:15:00 PM","Temp_C",22.3,"cb","poolDown","NA",1177
"06/19/23 10:30:00 PM","Temp_C",22.24,"cb","poolDown","NA",1178
"06/19/23 10:45:00 PM","Temp_C",22.18,"cb","poolDown","NA",1179
"06/19/23 11:00:00 PM","Temp_C",22.14,"cb","poolDown","NA",1180
"06/19/23 11:15:00 PM","Temp_C",22.08,"cb","poolDown","NA",1181
"06/19/23 11:30:00 PM","Temp_C",22.04,"cb","poolDown","NA",1182
"06/19/23 11:45:00 PM","Temp_C",22,"cb","poolDown","NA",1183
"06/20/23 12:00:00 AM","Temp_C",21.96,"cb","poolDown","NA",1184
"06/20/23 12:15:00 AM","Temp_C",21.92,"cb","poolDown","NA",1185
"06/20/23 12:30:00 AM","Temp_C",21.88,"cb","poolDown","NA",1186
"06/20/23 12:45:00 AM","Temp_C",21.86,"cb","poolDown","NA",1187
"06/20/23 01:00:00 AM","Temp_C",21.82,"cb","poolDown","NA",1188
"06/20/23 01:15:00 AM","Temp_C",21.8,"cb","poolDown","NA",1189
"06/20/23 01:30:00 AM","Temp_C",21.76,"cb","poolDown","NA",1190
"06/20/23 01:45:00 AM","Temp_C",21.74,"cb","poolDown","NA",1191
"06/20/23 02:00:00 AM","Temp_C",21.72,"cb","poolDown","NA",1192
"06/20/23 02:15:00 AM","Temp_C",21.68,"cb","poolDown","NA",1193
"06/20/23 02:30:00 AM","Temp_C",21.66,"cb","poolDown","NA",1194
"06/20/23 02:45:00 AM","Temp_C",21.64,"cb","poolDown","NA",1195
"06/20/23 03:00:00 AM","Temp_C",21.62,"cb","poolDown","NA",1196
"06/20/23 03:15:00 AM","Temp_C",21.6,"cb","poolDown","NA",1197
"06/20/23 03:30:00 AM","Temp_C",21.58,"cb","poolDown","NA",1198
"06/20/23 03:45:00 AM","Temp_C",21.56,"cb","poolDown","NA",1199
"06/20/23 04:00:00 AM","Temp_C",21.54,"cb","poolDown","NA",1200
"06/20/23 04:15:00 AM","Temp_C",21.54,"cb","poolDown","NA",1201
"06/20/23 04:30:00 AM","Temp_C",21.56,"cb","poolDown","NA",1202
"06/20/23 04:45:00 AM","Temp_C",21.56,"cb","poolDown","NA",1203
"06/20/23 05:00:00 AM","Temp_C",21.56,"cb","poolDown","NA",1204
"06/20/23 05:15:00 AM","Temp_C",21.56,"cb","poolDown","NA",1205
"06/20/23 05:30:00 AM","Temp_C",21.54,"cb","poolDown","NA",1206
"06/20/23 05:45:00 AM","Temp_C",21.52,"cb","poolDown","NA",1207
"06/20/23 06:00:00 AM","Temp_C",21.48,"cb","poolDown","NA",1208
"06/20/23 06:15:00 AM","Temp_C",21.46,"cb","poolDown","NA",1209
"06/20/23 06:30:00 AM","Temp_C",21.44,"cb","poolDown","NA",1210
"06/20/23 06:45:00 AM","Temp_C",21.4,"cb","poolDown","NA",1211
"06/20/23 07:00:00 AM","Temp_C",21.38,"cb","poolDown","NA",1212
"06/20/23 07:15:00 AM","Temp_C",21.34,"cb","poolDown","NA",1213
"06/20/23 07:30:00 AM","Temp_C",21.32,"cb","poolDown","NA",1214
"06/20/23 07:45:00 AM","Temp_C",21.28,"cb","poolDown","NA",1215
"06/20/23 08:00:00 AM","Temp_C",21.26,"cb","poolDown","NA",1216
"06/20/23 08:15:00 AM","Temp_C",21.26,"cb","poolDown","NA",1217
"06/20/23 08:30:00 AM","Temp_C",21.28,"cb","poolDown","NA",1218
"06/20/23 08:45:00 AM","Temp_C",21.3,"cb","poolDown","NA",1219
"06/20/23 09:00:00 AM","Temp_C",21.32,"cb","poolDown","NA",1220
"06/20/23 09:15:00 AM","Temp_C",21.38,"cb","poolDown","NA",1221
"06/20/23 09:30:00 AM","Temp_C",21.42,"cb","poolDown","NA",1222
"06/20/23 09:45:00 AM","Temp_C",21.46,"cb","poolDown","NA",1223
"06/20/23 10:00:00 AM","Temp_C",21.48,"cb","poolDown","NA",1224
"06/20/23 10:15:00 AM","Temp_C",21.48,"cb","poolDown","NA",1225
"06/20/23 10:30:00 AM","Temp_C",21.5,"cb","poolDown","NA",1226
"06/20/23 10:45:00 AM","Temp_C",21.48,"cb","poolDown","NA",1227
"06/20/23 11:00:00 AM","Temp_C",21.48,"cb","poolDown","NA",1228
"06/20/23 11:15:00 AM","Temp_C",21.48,"cb","poolDown","NA",1229
"06/20/23 11:30:00 AM","Temp_C",21.46,"cb","poolDown","NA",1230
"06/20/23 11:45:00 AM","Temp_C",21.44,"cb","poolDown","NA",1231
"06/20/23 12:00:00 PM","Temp_C",21.44,"cb","poolDown","NA",1232
"06/20/23 12:15:00 PM","Temp_C",21.4,"cb","poolDown","NA",1233
"06/20/23 12:30:00 PM","Temp_C",21.38,"cb","poolDown","NA",1234
"06/20/23 12:45:00 PM","Temp_C",21.36,"cb","poolDown","NA",1235
"06/20/23 01:00:00 PM","Temp_C",21.34,"cb","poolDown","NA",1236
"06/20/23 01:15:00 PM","Temp_C",21.34,"cb","poolDown","NA",1237
"06/20/23 01:30:00 PM","Temp_C",21.36,"cb","poolDown","NA",1238
"06/20/23 01:45:00 PM","Temp_C",21.38,"cb","poolDown","NA",1239
"06/20/23 02:00:00 PM","Temp_C",21.4,"cb","poolDown","NA",1240
"06/20/23 02:15:00 PM","Temp_C",21.42,"cb","poolDown","NA",1241
"06/20/23 02:30:00 PM","Temp_C",21.44,"cb","poolDown","NA",1242
"06/20/23 02:45:00 PM","Temp_C",21.44,"cb","poolDown","NA",1243
"06/20/23 03:00:00 PM","Temp_C",21.38,"cb","poolDown","NA",1244
"06/20/23 03:15:00 PM","Temp_C",21.22,"cb","poolDown","NA",1245
"06/20/23 03:30:00 PM","Temp_C",21.16,"cb","poolDown","NA",1246
"06/20/23 03:45:00 PM","Temp_C",21.14,"cb","poolDown","NA",1247
"06/20/23 04:00:00 PM","Temp_C",21.18,"cb","poolDown","NA",1248
"06/20/23 04:15:00 PM","Temp_C",21.24,"cb","poolDown","NA",1249
"06/20/23 04:30:00 PM","Temp_C",21.5,"cb","poolDown","NA",1250
"06/20/23 04:45:00 PM","Temp_C",21.62,"cb","poolDown","NA",1251
"06/20/23 05:00:00 PM","Temp_C",21.64,"cb","poolDown","NA",1252
"06/20/23 05:15:00 PM","Temp_C",21.66,"cb","poolDown","NA",1253
"06/20/23 05:30:00 PM","Temp_C",21.66,"cb","poolDown","NA",1254
"06/20/23 05:45:00 PM","Temp_C",21.66,"cb","poolDown","NA",1255
"06/20/23 06:00:00 PM","Temp_C",21.6,"cb","poolDown","NA",1256
"06/20/23 06:15:00 PM","Temp_C",21.54,"cb","poolDown","NA",1257
"06/20/23 06:30:00 PM","Temp_C",21.5,"cb","poolDown","NA",1258
"06/20/23 06:45:00 PM","Temp_C",21.46,"cb","poolDown","NA",1259
"06/20/23 07:00:00 PM","Temp_C",21.44,"cb","poolDown","NA",1260
"06/20/23 07:15:00 PM","Temp_C",21.42,"cb","poolDown","NA",1261
"06/20/23 07:30:00 PM","Temp_C",21.4,"cb","poolDown","NA",1262
"06/20/23 07:45:00 PM","Temp_C",21.36,"cb","poolDown","NA",1263
"06/20/23 08:00:00 PM","Temp_C",21.34,"cb","poolDown","NA",1264
"06/20/23 08:15:00 PM","Temp_C",21.28,"cb","poolDown","NA",1265
"06/20/23 08:30:00 PM","Temp_C",21.26,"cb","poolDown","NA",1266
"06/20/23 08:45:00 PM","Temp_C",21.22,"cb","poolDown","NA",1267
"06/20/23 09:00:00 PM","Temp_C",21.18,"cb","poolDown","NA",1268
"06/20/23 09:15:00 PM","Temp_C",21.16,"cb","poolDown","NA",1269
"06/20/23 09:30:00 PM","Temp_C",21.1,"cb","poolDown","NA",1270
"06/20/23 09:45:00 PM","Temp_C",21.04,"cb","poolDown","NA",1271
"06/20/23 10:00:00 PM","Temp_C",21,"cb","poolDown","NA",1272
"06/20/23 10:15:00 PM","Temp_C",20.98,"cb","poolDown","NA",1273
"06/20/23 10:30:00 PM","Temp_C",20.94,"cb","poolDown","NA",1274
"06/20/23 10:45:00 PM","Temp_C",20.92,"cb","poolDown","NA",1275
"06/20/23 11:00:00 PM","Temp_C",20.92,"cb","poolDown","NA",1276
"06/20/23 11:15:00 PM","Temp_C",20.9,"cb","poolDown","NA",1277
"06/20/23 11:30:00 PM","Temp_C",20.9,"cb","poolDown","NA",1278
"06/20/23 11:45:00 PM","Temp_C",20.9,"cb","poolDown","NA",1279
"06/21/23 12:00:00 AM","Temp_C",20.9,"cb","poolDown","NA",1280
"06/21/23 12:15:00 AM","Temp_C",20.88,"cb","poolDown","NA",1281
"06/21/23 12:30:00 AM","Temp_C",20.88,"cb","poolDown","NA",1282
"06/21/23 12:45:00 AM","Temp_C",20.88,"cb","poolDown","NA",1283
"06/21/23 01:00:00 AM","Temp_C",20.88,"cb","poolDown","NA",1284
"06/21/23 01:15:00 AM","Temp_C",20.9,"cb","poolDown","NA",1285
"06/21/23 01:30:00 AM","Temp_C",20.9,"cb","poolDown","NA",1286
"06/21/23 01:45:00 AM","Temp_C",20.94,"cb","poolDown","NA",1287
"06/21/23 02:00:00 AM","Temp_C",20.96,"cb","poolDown","NA",1288
"06/21/23 02:15:00 AM","Temp_C",20.96,"cb","poolDown","NA",1289
"06/21/23 02:30:00 AM","Temp_C",20.98,"cb","poolDown","NA",1290
"06/21/23 02:45:00 AM","Temp_C",20.98,"cb","poolDown","NA",1291
"06/21/23 03:00:00 AM","Temp_C",20.98,"cb","poolDown","NA",1292
"06/21/23 03:15:00 AM","Temp_C",20.98,"cb","poolDown","NA",1293
"06/21/23 03:30:00 AM","Temp_C",20.96,"cb","poolDown","NA",1294
"06/21/23 03:45:00 AM","Temp_C",20.94,"cb","poolDown","NA",1295
"06/21/23 04:00:00 AM","Temp_C",20.92,"cb","poolDown","NA",1296
"06/21/23 04:15:00 AM","Temp_C",20.9,"cb","poolDown","NA",1297
"06/21/23 04:30:00 AM","Temp_C",20.88,"cb","poolDown","NA",1298
"06/21/23 04:45:00 AM","Temp_C",20.88,"cb","poolDown","NA",1299
"06/21/23 05:00:00 AM","Temp_C",20.84,"cb","poolDown","NA",1300
"06/21/23 05:15:00 AM","Temp_C",20.82,"cb","poolDown","NA",1301
"06/21/23 05:30:00 AM","Temp_C",20.8,"cb","poolDown","NA",1302
"06/21/23 05:45:00 AM","Temp_C",20.8,"cb","poolDown","NA",1303
"06/21/23 06:00:00 AM","Temp_C",20.78,"cb","poolDown","NA",1304
"06/21/23 06:15:00 AM","Temp_C",20.76,"cb","poolDown","NA",1305
"06/21/23 06:30:00 AM","Temp_C",20.74,"cb","poolDown","NA",1306
"06/21/23 06:45:00 AM","Temp_C",20.72,"cb","poolDown","NA",1307
"06/21/23 07:00:00 AM","Temp_C",20.7,"cb","poolDown","NA",1308
"06/21/23 07:15:00 AM","Temp_C",20.7,"cb","poolDown","NA",1309
"06/21/23 07:30:00 AM","Temp_C",20.68,"cb","poolDown","NA",1310
"06/21/23 07:45:00 AM","Temp_C",20.66,"cb","poolDown","NA",1311
"06/21/23 08:00:00 AM","Temp_C",20.66,"cb","poolDown","NA",1312
"06/21/23 08:15:00 AM","Temp_C",20.66,"cb","poolDown","NA",1313
"06/21/23 08:30:00 AM","Temp_C",20.64,"cb","poolDown","NA",1314
"06/21/23 08:45:00 AM","Temp_C",20.64,"cb","poolDown","NA",1315
"06/21/23 09:00:00 AM","Temp_C",20.62,"cb","poolDown","NA",1316
"06/21/23 09:15:00 AM","Temp_C",20.62,"cb","poolDown","NA",1317
"06/21/23 09:30:00 AM","Temp_C",20.62,"cb","poolDown","NA",1318
"06/21/23 09:45:00 AM","Temp_C",20.64,"cb","poolDown","NA",1319
"06/21/23 10:00:00 AM","Temp_C",20.64,"cb","poolDown","NA",1320
"06/21/23 10:15:00 AM","Temp_C",20.66,"cb","poolDown","NA",1321
"06/21/23 10:30:00 AM","Temp_C",20.66,"cb","poolDown","NA",1322
"06/21/23 10:45:00 AM","Temp_C",20.68,"cb","poolDown","NA",1323
"06/21/23 11:00:00 AM","Temp_C",20.7,"cb","poolDown","NA",1324
"06/21/23 11:15:00 AM","Temp_C",20.72,"cb","poolDown","NA",1325
"06/21/23 11:30:00 AM","Temp_C",20.74,"cb","poolDown","NA",1326
